index,Year,State,Smoke everyday,Smoke some days,Former smoker,Never smoked,Location 1
0,1996,Puerto Rico,9.4%,5.1%,16%,69.5%,"Puerto Rico
"
1,1997,Puerto Rico,9.4%,5%,15.7%,69.9%,"Puerto Rico
"
2,1998,Puerto Rico,10.1%,5.2%,16.8%,67.9%,"Puerto Rico
"
3,1999,Puerto Rico,9.7%,4%,15.3%,71%,"Puerto Rico
"
4,2000,Puerto Rico,9.2%,3.9%,15.2%,71.6%,"Puerto Rico
"
5,2001,Puerto Rico,8%,4.5%,17%,70.5%,"Puerto Rico
"
6,2001,Virgin Islands,6.9%,2.7%,12.6%,77.8%,"Virgin Islands
"
7,2002,Puerto Rico,8.8%,4.4%,16.9%,69.8%,"Puerto Rico
"
8,2002,Virgin Islands,7%,2.4%,12.1%,78.5%,"Virgin Islands
"
9,2003,Puerto Rico,8.9%,4.6%,17.7%,68.8%,"Puerto Rico
"
10,2003,Virgin Islands,7.9%,2%,13.6%,76.4%,"Virgin Islands
"
11,2004,Puerto Rico,8.2%,4.4%,15.2%,72.2%,"Puerto Rico
"
12,2004,Virgin Islands,5.9%,3.5%,9.9%,80.7%,"Virgin Islands
"
13,2005,Puerto Rico,7.9%,5.2%,16.9%,70%,"Puerto Rico
"
14,2005,Virgin Islands,5.3%,2.8%,12.8%,79.1%,"Virgin Islands
"
15,2006,Puerto Rico,7.7%,4.8%,16.8%,70.7%,"Puerto Rico
"
16,2006,Virgin Islands,5.8%,3.1%,13.1%,78%,"Virgin Islands
"
17,2007,Puerto Rico,7.5%,4.7%,19.2%,68.6%,"Puerto Rico
"
18,2007,Virgin Islands,5.6%,3%,11.9%,79.5%,"Virgin Islands
"
19,2008,Puerto Rico,7.5%,4.1%,18.3%,70.1%,"Puerto Rico
"
20,2008,Virgin Islands,4.1%,2.3%,11.5%,82.1%,"Virgin Islands
"
21,2009,Puerto Rico,6.9%,3.7%,18%,71.5%,"Puerto Rico
"
22,2010,Puerto Rico,7.5%,4.4%,17.3%,70.8%,"Puerto Rico
"
23,1999,Louisiana,18.7%,4.8%,20.7%,55.8%,"Louisiana
(31.31265999975932, -92.44567999993188)"
24,2010,Nevada,16.5%,4.9%,25.8%,52.8%,"Nevada
(39.49323999972637, -117.07183999971608)"
25,1996,Nebraska,19.5%,2.6%,23.6%,54.3%,"Nebraska
(41.6410400000961, -99.36572999973953)"
26,2003,Vermont,15.4%,4.2%,30.4%,50.1%,"Vermont
(43.625379999687425, -72.51764000028561)"
27,2001,Tennessee,19.7%,4.7%,19.1%,56.6%,"Tennessee
(35.68094000038087, -85.77449000011325)"
28,2008,Guam,21.2%,6.2%,19.4%,53.2%,
29,2007,Guam,23.3%,7.6%,14.1%,54.9%,
30,2003,Guam,26.3%,7.8%,14.3%,51.7%,
31,2002,Guam,24.8%,7.1%,15.5%,52.6%,
32,2001,Guam,26.5%,4.7%,11.8%,57%,
33,2003,Delaware,16.9%,5%,28.1%,50%,"Delaware
(39.00883000020451, -75.57774000040052)"
34,1998,Vermont,18.6%,3.7%,28.6%,49.1%,"Vermont
(43.625379999687425, -72.51764000028561)"
35,2006,Oklahoma,18.9%,6.2%,23.7%,51.2%,"Oklahoma
(35.4720099999617, -97.52034999975251)"
36,2004,Washington,14%,5.3%,25.3%,55.5%,"Washington
(47.522280000022135, -120.47001000026114)"
37,1998,New York,18.4%,5.7%,24.3%,51.6%,"New York
(42.82699999955048, -75.54396999981549)"
38,2005,South Dakota,13.8%,6%,25.4%,54.8%,"South Dakota
(44.353130000049646, -100.37353000040906)"
39,1999,Illinois,19.8%,4.5%,23.8%,51.9%,"Illinois
(40.485010000411364, -88.99770999971656)"
40,1997,Indiana,21.7%,4.7%,23.5%,50.2%,"Indiana
(39.76690999989677, -86.14996000035359)"
41,2000,Illinois,16.2%,6.2%,22.6%,55.1%,"Illinois
(40.485010000411364, -88.99770999971656)"
42,2006,Connecticut,11.9%,5.1%,28.2%,54.8%,"Connecticut
(41.56265999995918, -72.6498400002157)"
43,2005,Montana,14.5%,4.7%,28.5%,52.3%,"Montana
(47.06653000015956, -109.42441999998289)"
44,2002,Missouri,22%,4.5%,25.5%,48%,"Missouri
(38.63578999960896, -92.5663000000448)"
45,2002,Nevada,21.1%,5%,24.7%,49.2%,"Nevada
(39.49323999972637, -117.07183999971608)"
46,2001,Florida,17.5%,4.9%,27.5%,50.1%,"Florida
(28.932039999846268, -81.9289599999039)"
47,2004,Missouri,18.5%,5.6%,24.2%,51.7%,"Missouri
(38.63578999960896, -92.5663000000448)"
48,2007,North Carolina,17.6%,5.3%,24.8%,52.3%,"North Carolina
(35.46624999963797, -79.1593199999179)"
49,2010,Louisiana,15.9%,6.2%,22%,56%,"Louisiana
(31.31265999975932, -92.44567999993188)"
50,1999,Utah,10.3%,3.7%,17.3%,68.8%,"Utah
(39.36070000030492, -111.58712999994941)"
51,2001,Hawaii,16.5%,4%,24%,55.5%,"Hawaii
(21.304850000427336, -157.85774999956269)"
52,2008,Montana,13.8%,4.7%,26.8%,54.7%,"Montana
(47.06653000015956, -109.42441999998289)"
53,2001,Vermont,16.9%,5.5%,30%,47.6%,"Vermont
(43.625379999687425, -72.51764000028561)"
54,2000,Georgia,18.4%,5.1%,22.7%,53.8%,"Georgia
(32.83967999993223, -83.62758000031658)"
55,2004,Virginia,15.9%,5%,23.3%,55.8%,"Virginia
(37.54268000028196, -78.45789000012326)"
56,2004,Nebraska,14.9%,5.4%,21.2%,58.6%,"Nebraska
(41.6410400000961, -99.36572999973953)"
57,2009,Massachusetts,10.9%,4%,28.5%,56.6%,"Massachusetts
(42.27687000005062, -72.08269000004333)"
58,2002,Alabama,19.2%,5.2%,23.2%,52.4%,"Alabama
(32.840569999605975, -86.63186000013877)"
59,1995,Mississippi,20.5%,2.8%,20.8%,55.8%,"Mississippi
(32.7455100000866, -89.53803000008429)"
60,2010,California,7.5%,4.6%,23.1%,64.8%,"California
(37.638300000444815, -120.99958999997835)"
61,1996,Iowa,19.6%,4%,23.8%,52.6%,"Iowa
(42.469390000048634, -93.81649000001335)"
62,2002,Idaho,16.3%,4.3%,24.2%,55.2%,"Idaho
(43.682590000228515, -114.36368000023168)"
63,2007,Nevada,16.1%,5.3%,25.4%,53.1%,"Nevada
(39.49323999972637, -117.07183999971608)"
64,2010,Kansas,11.9%,5.1%,24.2%,58.8%,"Kansas
(38.34774000000118, -98.20077999969709)"
65,2008,Nebraska,13.4%,4.9%,25%,56.6%,"Nebraska
(41.6410400000961, -99.36572999973953)"
66,1998,Missouri,22.3%,4%,23.7%,50%,"Missouri
(38.63578999960896, -92.5663000000448)"
67,2001,Rhode Island,17.6%,6.3%,28.9%,47.3%,"Rhode Island
(41.70828000002217, -71.5224700001902)"
68,1995,New Hampshire,18.8%,2.3%,32.7%,46.2%,"New Hampshire
(43.65595000019255, -71.50036000041354)"
69,2002,New Mexico,15%,6.2%,26%,52.8%,"New Mexico
(34.52088000011207, -106.24057999976702)"
70,2000,North Carolina,20.7%,5.4%,24.3%,49.6%,"North Carolina
(35.46624999963797, -79.1593199999179)"
71,2002,Connecticut,14.4%,5%,30.4%,50.2%,"Connecticut
(41.56265999995918, -72.6498400002157)"
72,1998,New Mexico,16.2%,6.4%,24.3%,53.2%,"New Mexico
(34.52088000011207, -106.24057999976702)"
73,2009,Maryland,10.4%,4.8%,23.4%,61.5%,"Maryland
(39.29057999976732, -76.6092600004485)"
74,2005,Mississippi,18.6%,5.1%,20.9%,55.5%,"Mississippi
(32.7455100000866, -89.53803000008429)"
75,2005,Minnesota,14.9%,5.1%,28.7%,51.2%,"Minnesota
(46.3556499998478, -94.79419999982997)"
76,1998,Alabama,19.4%,5.2%,21.5%,53.9%,"Alabama
(32.840569999605975, -86.63186000013877)"
77,1996,Virginia,19.6%,5.2%,22.9%,52.3%,"Virginia
(37.54268000028196, -78.45789000012326)"
78,2001,Montana,16.6%,5.4%,27.3%,50.8%,"Montana
(47.06653000015956, -109.42441999998289)"
79,1996,North Carolina,21.9%,3.8%,23.1%,51.2%,"North Carolina
(35.46624999963797, -79.1593199999179)"
80,1995,Iowa,20.2%,2.9%,23.9%,53%,"Iowa
(42.469390000048634, -93.81649000001335)"
81,2006,Ohio,16.8%,5.6%,24.3%,53.3%,"Ohio
(40.06020999969189, -82.40426000019869)"
82,2006,Montana,13.3%,5.6%,26.8%,54.3%,"Montana
(47.06653000015956, -109.42441999998289)"
83,1999,Idaho,16%,5.5%,24.3%,54.2%,"Idaho
(43.682590000228515, -114.36368000023168)"
84,2008,Vermont,12.2%,4.6%,32.2%,51.1%,"Vermont
(43.625379999687425, -72.51764000028561)"
85,1996,New Jersey,17.8%,4.9%,24.7%,52.6%,"New Jersey
(40.13056999960594, -74.2736899996936)"
86,1997,Texas,16.2%,6.3%,20.3%,57.1%,"Texas
(31.82724000022597, -99.42676999973554)"
87,1998,Arkansas,22.2%,3.7%,24.2%,49.9%,"Arkansas
(34.748649999697875, -92.27448999971358)"
88,2002,Washington,16.4%,5%,28.5%,50.1%,"Washington
(47.522280000022135, -120.47001000026114)"
89,2002,Alaska,21.9%,7.4%,25.6%,45%,"Alaska
(64.84507999974238, -147.72205999986895)"
90,2009,Mississippi,17.1%,6.3%,22.1%,54.6%,"Mississippi
(32.7455100000866, -89.53803000008429)"
91,2000,California,12.1%,5.1%,26%,56.7%,"California
(37.638300000444815, -120.99958999997835)"
92,2004,Michigan,17.2%,6.1%,25.2%,51.6%,"Michigan
(44.661320000317914, -84.71438999959867)"
93,2010,Massachusetts,10.2%,3.9%,29.3%,56.6%,"Massachusetts
(42.27687000005062, -72.08269000004333)"
94,2001,Colorado,15.4%,6.9%,26%,51.7%,"Colorado
(38.842890000173554, -106.13314000041055)"
95,2007,North Dakota,15.1%,5.9%,25.3%,53.8%,"North Dakota
(47.475320000018144, -100.11841999998285)"
96,2008,Missouri,20.2%,4.8%,25%,50.1%,"Missouri
(38.63578999960896, -92.5663000000448)"
97,2000,Kansas,16.9%,4.2%,23.6%,55.4%,"Kansas
(38.34774000000118, -98.20077999969709)"
98,2000,Tennessee,21.6%,4%,22.2%,52.1%,"Tennessee
(35.68094000038087, -85.77449000011325)"
99,2001,Arkansas,20.1%,5.4%,23.6%,50.8%,"Arkansas
(34.748649999697875, -92.27448999971358)"
100,2005,New Mexico,14.6%,6.9%,24.4%,54.1%,"New Mexico
(34.52088000011207, -106.24057999976702)"
101,2009,Georgia,12.6%,5.1%,22%,60.3%,"Georgia
(32.83967999993223, -83.62758000031658)"
102,2002,Arizona,17.8%,5.6%,24.4%,52.2%,"Arizona
(34.86596999961597, -111.76380999973156)"
103,1995,Kansas,18.6%,3%,24.3%,54.1%,"Kansas
(38.34774000000118, -98.20077999969709)"
104,2001,Washington,16.4%,6%,27.6%,49.9%,"Washington
(47.522280000022135, -120.47001000026114)"
105,2001,Illinois,17.4%,6.3%,23.7%,52.5%,"Illinois
(40.485010000411364, -88.99770999971656)"
106,2001,Missouri,20%,5.9%,24.5%,49.6%,"Missouri
(38.63578999960896, -92.5663000000448)"
107,2009,Oklahoma,18.8%,6.7%,24.5%,50%,"Oklahoma
(35.4720099999617, -97.52034999975251)"
108,2010,Arkansas,17.3%,5.6%,24.1%,53%,"Arkansas
(34.748649999697875, -92.27448999971358)"
109,1997,Pennsylvania,20%,4.2%,22.7%,53.1%,"Pennsylvania
(40.79372999993973, -77.86069999960512)"
110,2004,Arizona,13.5%,5.1%,24.5%,57%,"Arizona
(34.86596999961597, -111.76380999973156)"
111,2003,Ohio,19.5%,5.7%,23.8%,51%,"Ohio
(40.06020999969189, -82.40426000019869)"
112,1999,Massachusetts,15.2%,4.1%,25.8%,55%,"Massachusetts
(42.27687000005062, -72.08269000004333)"
113,2007,Iowa,14.5%,5.3%,23.5%,56.7%,"Iowa
(42.469390000048634, -93.81649000001335)"
114,2001,Wyoming,17.3%,4.9%,26%,51.9%,"Wyoming
(43.23553999957147, -108.10982999975454)"
115,2004,Alaska,16.4%,8.5%,24%,51.2%,"Alaska
(64.84507999974238, -147.72205999986895)"
116,2001,New York,16.6%,6.6%,23.8%,53%,"New York
(42.82699999955048, -75.54396999981549)"
117,2009,New Mexico,11.2%,6.7%,25.8%,56.2%,"New Mexico
(34.52088000011207, -106.24057999976702)"
118,1995,Rhode Island,21.3%,3.5%,29.2%,46%,"Rhode Island
(41.70828000002217, -71.5224700001902)"
119,2007,Georgia,14.7%,4.7%,22.7%,57.9%,"Georgia
(32.83967999993223, -83.62758000031658)"
120,2003,Virginia,17.2%,4.8%,24%,54%,"Virginia
(37.54268000028196, -78.45789000012326)"
121,2007,West Virginia,21.7%,5.2%,24.5%,48.6%,"West Virginia
(38.66550999958696, -80.71263999973604)"
122,2005,Michigan,16.7%,5.4%,26%,52%,"Michigan
(44.661320000317914, -84.71438999959867)"
123,1999,Texas,15%,7.5%,23.3%,54.3%,"Texas
(31.82724000022597, -99.42676999973554)"
124,1997,Alaska,22.3%,4.2%,24.7%,48.8%,"Alaska
(64.84507999974238, -147.72205999986895)"
125,2009,Louisiana,16.4%,5.7%,23.2%,54.7%,"Louisiana
(31.31265999975932, -92.44567999993188)"
126,2007,New York,12.8%,6.1%,25.5%,55.6%,"New York
(42.82699999955048, -75.54396999981549)"
127,2005,Indiana,20.8%,6.4%,22.9%,49.8%,"Indiana
(39.76690999989677, -86.14996000035359)"
128,2010,New Jersey,10.2%,4.2%,26.1%,59.4%,"New Jersey
(40.13056999960594, -74.2736899996936)"
129,1995,Delaware,23%,2.3%,25.8%,48.9%,"Delaware
(39.00883000020451, -75.57774000040052)"
130,2000,Michigan,19.1%,5%,25.4%,50.4%,"Michigan
(44.661320000317914, -84.71438999959867)"
131,1996,Minnesota,15.6%,5%,23.1%,56.3%,"Minnesota
(46.3556499998478, -94.79419999982997)"
132,2004,Iowa,16.3%,4.6%,21.4%,57.8%,"Iowa
(42.469390000048634, -93.81649000001335)"
133,2000,Kentucky,26.8%,3.7%,23%,46.5%,"Kentucky
(37.645969999815804, -84.77496999996538)"
134,1996,Oregon,19.1%,4.3%,27.7%,48.9%,"Oregon
(44.567449999917756, -120.15502999983448)"
135,1995,Alaska,22.3%,2.6%,27.2%,47.9%,"Alaska
(64.84507999974238, -147.72205999986895)"
136,2007,Pennsylvania,15.1%,5.8%,23.9%,55.1%,"Pennsylvania
(40.79372999993973, -77.86069999960512)"
137,2005,South Carolina,17%,5.5%,24.4%,53.1%,"South Carolina
(33.99855000018255, -81.0452500001872)"
138,1999,Vermont,16.9%,4.8%,26.7%,51.6%,"Vermont
(43.625379999687425, -72.51764000028561)"
139,1999,New Mexico,16.4%,6%,24.6%,52.9%,"New Mexico
(34.52088000011207, -106.24057999976702)"
140,2004,Indiana,19.5%,5.3%,22.6%,52.5%,"Indiana
(39.76690999989677, -86.14996000035359)"
141,2009,Nebraska,12.9%,3.8%,24.6%,58.7%,"Nebraska
(41.6410400000961, -99.36572999973953)"
142,2005,Georgia,16.4%,5.8%,21.9%,56%,"Georgia
(32.83967999993223, -83.62758000031658)"
143,2000,Louisiana,18.6%,5.5%,19.5%,56.5%,"Louisiana
(31.31265999975932, -92.44567999993188)"
144,1995,Wisconsin,18.2%,3.5%,27.6%,50.7%,"Wisconsin
(44.39319000021851, -89.81636999977553)"
145,2007,Hawaii,12.9%,4.1%,26%,57%,"Hawaii
(21.304850000427336, -157.85774999956269)"
146,2010,New York,10.5%,5%,26.8%,57.8%,"New York
(42.82699999955048, -75.54396999981549)"
147,1997,New Mexico,15.5%,6.5%,25.3%,52.6%,"New Mexico
(34.52088000011207, -106.24057999976702)"
148,2004,Florida,14.6%,5.7%,25.8%,53.9%,"Florida
(28.932039999846268, -81.9289599999039)"
149,1996,Maryland,17.9%,3%,23.4%,55.7%,"Maryland
(39.29057999976732, -76.6092600004485)"
150,2007,Missouri,19.8%,4.7%,23.4%,52.1%,"Missouri
(38.63578999960896, -92.5663000000448)"
151,2010,Arizona,10.7%,4.4%,27.9%,57.1%,"Arizona
(34.86596999961597, -111.76380999973156)"
152,1998,Pennsylvania,19.4%,4.4%,22.9%,53.3%,"Pennsylvania
(40.79372999993973, -77.86069999960512)"
153,1998,Texas,15.6%,6.3%,22.6%,55.5%,"Texas
(31.82724000022597, -99.42676999973554)"
154,1999,Wisconsin,17.9%,5.8%,28.6%,47.7%,"Wisconsin
(44.39319000021851, -89.81636999977553)"
155,1999,Montana,16%,4.2%,27.7%,52.1%,"Montana
(47.06653000015956, -109.42441999998289)"
156,2006,Minnesota,13.8%,4.5%,27.6%,54.1%,"Minnesota
(46.3556499998478, -94.79419999982997)"
157,1995,Missouri,21.9%,2.2%,27.1%,48.8%,"Missouri
(38.63578999960896, -92.5663000000448)"
158,2009,Tennessee,17.6%,4.4%,24.7%,53.3%,"Tennessee
(35.68094000038087, -85.77449000011325)"
159,1998,Maryland,16.7%,5.7%,24.2%,53.4%,"Maryland
(39.29057999976732, -76.6092600004485)"
160,2001,Utah,9.1%,4.1%,17.1%,69.7%,"Utah
(39.36070000030492, -111.58712999994941)"
161,2002,South Carolina,21%,5.6%,22.6%,50.9%,"South Carolina
(33.99855000018255, -81.0452500001872)"
162,2005,Maine,15.9%,4.9%,30.1%,49.1%,"Maine
(45.25423000041434, -68.9850299999344)"
163,1997,Georgia,17.6%,4.8%,15.3%,62.3%,"Georgia
(32.83967999993223, -83.62758000031658)"
164,2005,New York,14.6%,5.9%,25.6%,54%,"New York
(42.82699999955048, -75.54396999981549)"
165,2004,Massachusetts,13.7%,4.8%,26.9%,54.6%,"Massachusetts
(42.27687000005062, -72.08269000004333)"
166,2010,Vermont,11.1%,4.2%,30.7%,54%,"Vermont
(43.625379999687425, -72.51764000028561)"
167,2008,North Carolina,15.5%,5.4%,24.8%,54.3%,"North Carolina
(35.46624999963797, -79.1593199999179)"
168,2008,Alabama,17.3%,4.9%,21.9%,56%,"Alabama
(32.840569999605975, -86.63186000013877)"
169,2006,North Dakota,15.6%,3.9%,24.1%,56.4%,"North Dakota
(47.475320000018144, -100.11841999998285)"
170,2008,Mississippi,17.2%,5.5%,22.2%,55.1%,"Mississippi
(32.7455100000866, -89.53803000008429)"
171,2008,Utah,6.8%,2.5%,16.1%,74.5%,"Utah
(39.36070000030492, -111.58712999994941)"
172,2009,New Jersey,10%,5.8%,25.4%,58.8%,"New Jersey
(40.13056999960594, -74.2736899996936)"
173,2006,Hawaii,13%,4.6%,25.1%,57.3%,"Hawaii
(21.304850000427336, -157.85774999956269)"
174,2009,Kansas,13.2%,4.6%,23.3%,58.8%,"Kansas
(38.34774000000118, -98.20077999969709)"
175,2007,Colorado,13.4%,5.3%,24.6%,56.7%,"Colorado
(38.842890000173554, -106.13314000041055)"
176,1998,Georgia,19.7%,3.9%,21.9%,54.5%,"Georgia
(32.83967999993223, -83.62758000031658)"
177,2009,Michigan,13.7%,5.9%,25.5%,54.9%,"Michigan
(44.661320000317914, -84.71438999959867)"
178,2004,Delaware,18.8%,5.6%,25.2%,50.5%,"Delaware
(39.00883000020451, -75.57774000040052)"
179,1999,Nebraska,18.2%,5%,22.1%,54.7%,"Nebraska
(41.6410400000961, -99.36572999973953)"
180,2008,Oklahoma,18.5%,6.2%,24.7%,50.6%,"Oklahoma
(35.4720099999617, -97.52034999975251)"
181,2005,Delaware,15.5%,5.2%,27.2%,52.1%,"Delaware
(39.00883000020451, -75.57774000040052)"
182,2008,South Dakota,12%,5.6%,26.1%,56.4%,"South Dakota
(44.353130000049646, -100.37353000040906)"
183,1995,South Carolina,20.9%,2.5%,20.4%,56.1%,"South Carolina
(33.99855000018255, -81.0452500001872)"
184,1998,Massachusetts,16.6%,4.3%,28%,51.1%,"Massachusetts
(42.27687000005062, -72.08269000004333)"
185,1998,Michigan,22.6%,4.8%,25.4%,47.2%,"Michigan
(44.661320000317914, -84.71438999959867)"
186,2010,Alabama,15.6%,6.3%,23.9%,54.2%,"Alabama
(32.840569999605975, -86.63186000013877)"
187,2003,Missouri,23.1%,4.1%,24.3%,48.5%,"Missouri
(38.63578999960896, -92.5663000000448)"
188,2002,Tennessee,22.9%,4.9%,18.7%,53.6%,"Tennessee
(35.68094000038087, -85.77449000011325)"
189,2007,Indiana,18.2%,5.9%,22.8%,53%,"Indiana
(39.76690999989677, -86.14996000035359)"
190,2007,Tennessee,20%,4.3%,24%,51.8%,"Tennessee
(35.68094000038087, -85.77449000011325)"
191,2007,Louisiana,16.9%,5.7%,20.2%,57.1%,"Louisiana
(31.31265999975932, -92.44567999993188)"
192,2007,New Jersey,12%,5.1%,24.7%,58.2%,"New Jersey
(40.13056999960594, -74.2736899996936)"
193,1997,New Hampshire,20%,4.7%,31.3%,44%,"New Hampshire
(43.65595000019255, -71.50036000041354)"
194,2002,Vermont,16.7%,4.4%,32.3%,46.5%,"Vermont
(43.625379999687425, -72.51764000028561)"
195,2009,Rhode Island,10.2%,4.9%,29.6%,55.4%,"Rhode Island
(41.70828000002217, -71.5224700001902)"
196,1996,Florida,18.1%,3.7%,30.7%,47.5%,"Florida
(28.932039999846268, -81.9289599999039)"
197,1997,Louisiana,19.2%,5.3%,21.9%,53.6%,"Louisiana
(31.31265999975932, -92.44567999993188)"
198,2009,Iowa,13.4%,3.8%,24.2%,58.7%,"Iowa
(42.469390000048634, -93.81649000001335)"
199,2004,Montana,15.8%,4.6%,25.1%,54.5%,"Montana
(47.06653000015956, -109.42441999998289)"
200,1995,Connecticut,18.6%,2%,28.8%,50.7%,"Connecticut
(41.56265999995918, -72.6498400002157)"
201,2001,New Mexico,16.1%,7.7%,24.9%,51.2%,"New Mexico
(34.52088000011207, -106.24057999976702)"
202,2003,West Virginia,22.6%,4.8%,25.8%,46.9%,"West Virginia
(38.66550999958696, -80.71263999973604)"
203,2010,Idaho,11.3%,4.4%,22.9%,61.5%,"Idaho
(43.682590000228515, -114.36368000023168)"
204,2009,Texas,11.7%,6.2%,21.6%,60.5%,"Texas
(31.82724000022597, -99.42676999973554)"
205,2008,Arizona,10.7%,5.2%,27.4%,56.7%,"Arizona
(34.86596999961597, -111.76380999973156)"
206,2000,Delaware,18.6%,4.2%,23.9%,53.2%,"Delaware
(39.00883000020451, -75.57774000040052)"
207,2009,Washington,10.7%,4.2%,26.7%,58.4%,"Washington
(47.522280000022135, -120.47001000026114)"
208,2007,Maine,16.2%,4%,30.8%,49.1%,"Maine
(45.25423000041434, -68.9850299999344)"
209,2008,Connecticut,11.6%,4.3%,30.1%,54%,"Connecticut
(41.56265999995918, -72.6498400002157)"
210,2005,Vermont,14.4%,4.9%,30.8%,50%,"Vermont
(43.625379999687425, -72.51764000028561)"
211,2006,New Hampshire,14.3%,4.4%,29.7%,51.6%,"New Hampshire
(43.65595000019255, -71.50036000041354)"
212,2002,Arkansas,21.5%,4.8%,24.9%,48.8%,"Arkansas
(34.748649999697875, -92.27448999971358)"
213,2005,Tennessee,20.4%,6.3%,22%,51.3%,"Tennessee
(35.68094000038087, -85.77449000011325)"
214,2005,West Virginia,21.3%,5.4%,24.3%,49%,"West Virginia
(38.66550999958696, -80.71263999973604)"
215,2004,Tennessee,21.5%,4.6%,22.2%,51.7%,"Tennessee
(35.68094000038087, -85.77449000011325)"
216,2000,Texas,15.4%,6.5%,21.9%,56.2%,"Texas
(31.82724000022597, -99.42676999973554)"
217,2008,Tennessee,18%,5.1%,21.8%,55%,"Tennessee
(35.68094000038087, -85.77449000011325)"
218,2006,South Carolina,16.5%,5.8%,24.5%,53.3%,"South Carolina
(33.99855000018255, -81.0452500001872)"
219,2000,Iowa,18.3%,4.9%,23.1%,53.7%,"Iowa
(42.469390000048634, -93.81649000001335)"
220,2006,Pennsylvania,16.6%,4.9%,25.5%,53%,"Pennsylvania
(40.79372999993973, -77.86069999960512)"
221,2005,Missouri,18.5%,4.9%,24.2%,52.4%,"Missouri
(38.63578999960896, -92.5663000000448)"
222,2009,Utah,6.9%,2.9%,15.1%,75.1%,"Utah
(39.36070000030492, -111.58712999994941)"
223,1999,Colorado,17.5%,4.9%,25.8%,51.7%,"Colorado
(38.842890000173554, -106.13314000041055)"
224,1999,New York,17%,4.8%,23.1%,55.1%,"New York
(42.82699999955048, -75.54396999981549)"
225,1997,Rhode Island,19.7%,4.6%,26.7%,49%,"Rhode Island
(41.70828000002217, -71.5224700001902)"
226,2004,Kentucky,23%,4.5%,20.4%,52.1%,"Kentucky
(37.645969999815804, -84.77496999996538)"
227,2000,Pennsylvania,19.3%,5.1%,24.5%,51.1%,"Pennsylvania
(40.79372999993973, -77.86069999960512)"
228,2006,Alaska,16.2%,7.7%,27.6%,48.5%,"Alaska
(64.84507999974238, -147.72205999986895)"
229,2010,Wisconsin,13.6%,5.5%,26.3%,54.6%,"Wisconsin
(44.39319000021851, -89.81636999977553)"
230,1995,Ohio,23.6%,2.2%,24%,50.2%,"Ohio
(40.06020999969189, -82.40426000019869)"
231,2006,Texas,12.6%,5.3%,21.7%,60.4%,"Texas
(31.82724000022597, -99.42676999973554)"
232,2005,Rhode Island,15.3%,4.4%,28.8%,51.4%,"Rhode Island
(41.70828000002217, -71.5224700001902)"
233,1997,New York,19.1%,4%,23.7%,53.2%,"New York
(42.82699999955048, -75.54396999981549)"
234,2000,Maine,20.7%,3.1%,29.9%,46.3%,"Maine
(45.25423000041434, -68.9850299999344)"
235,2004,Maryland,14.6%,5%,23%,57.5%,"Maryland
(39.29057999976732, -76.6092600004485)"
236,2003,California,11.3%,5.5%,25.2%,58%,"California
(37.638300000444815, -120.99958999997835)"
237,2000,South Carolina,18.8%,6.2%,21.9%,53.2%,"South Carolina
(33.99855000018255, -81.0452500001872)"
238,1997,Colorado,17%,5.5%,25.5%,51.9%,"Colorado
(38.842890000173554, -106.13314000041055)"
239,2010,Virginia,14.5%,4%,24.4%,57%,"Virginia
(37.54268000028196, -78.45789000012326)"
240,2005,Connecticut,12.4%,4.1%,29.4%,54.1%,"Connecticut
(41.56265999995918, -72.6498400002157)"
241,2004,District of Columbia,12.5%,8.4%,19.2%,59.9%,"District of Columbia
(38.89036999987576, -77.03195999965413)"
242,1996,Connecticut,17.4%,4.4%,28.2%,50%,"Connecticut
(41.56265999995918, -72.6498400002157)"
243,1996,Alaska,21.7%,6%,26%,46.3%,"Alaska
(64.84507999974238, -147.72205999986895)"
244,2010,Michigan,13.5%,5.4%,25.3%,55.7%,"Michigan
(44.661320000317914, -84.71438999959867)"
245,1999,Maryland,15.5%,4.8%,24.2%,55.5%,"Maryland
(39.29057999976732, -76.6092600004485)"
246,1995,Nevada,23.3%,2.5%,26.8%,47.4%,"Nevada
(39.49323999972637, -117.07183999971608)"
247,2003,Utah,8.6%,3.3%,16.6%,71.5%,"Utah
(39.36070000030492, -111.58712999994941)"
248,2005,Nevada,16.6%,6.5%,24%,52.9%,"Nevada
(39.49323999972637, -117.07183999971608)"
249,2006,Virginia,14.7%,4.6%,25.2%,55.5%,"Virginia
(37.54268000028196, -78.45789000012326)"
250,2005,North Carolina,17.1%,5.5%,23.6%,53.8%,"North Carolina
(35.46624999963797, -79.1593199999179)"
251,2008,Texas,11.7%,6.8%,21.5%,60%,"Texas
(31.82724000022597, -99.42676999973554)"
252,2003,Indiana,21.1%,5%,24.4%,49.5%,"Indiana
(39.76690999989677, -86.14996000035359)"
253,1997,Wyoming,19.5%,4.5%,25.4%,50.6%,"Wyoming
(43.23553999957147, -108.10982999975454)"
254,2001,Maryland,15.3%,5.8%,24.7%,54.2%,"Maryland
(39.29057999976732, -76.6092600004485)"
255,1998,Florida,18%,4%,26.1%,51.9%,"Florida
(28.932039999846268, -81.9289599999039)"
256,2008,Alaska,15.1%,6.4%,28.4%,50%,"Alaska
(64.84507999974238, -147.72205999986895)"
257,1996,Alabama,17.6%,4.8%,21.5%,56.1%,"Alabama
(32.840569999605975, -86.63186000013877)"
258,2001,North Carolina,21.3%,4.5%,23.8%,50.4%,"North Carolina
(35.46624999963797, -79.1593199999179)"
259,1997,Washington,18.6%,5.2%,26.9%,49.3%,"Washington
(47.522280000022135, -120.47001000026114)"
260,2001,Delaware,19%,6%,25.4%,49.5%,"Delaware
(39.00883000020451, -75.57774000040052)"
261,2006,Arkansas,18.8%,4.8%,25.1%,51.2%,"Arkansas
(34.748649999697875, -92.27448999971358)"
262,1996,Louisiana,21.9%,4%,21.5%,52.7%,"Louisiana
(31.31265999975932, -92.44567999993188)"
263,2008,Indiana,19.7%,6.3%,23%,51%,"Indiana
(39.76690999989677, -86.14996000035359)"
264,1997,Maryland,17.6%,2.9%,22.8%,56.8%,"Maryland
(39.29057999976732, -76.6092600004485)"
265,2007,Arkansas,17.3%,5.1%,23.7%,53.9%,"Arkansas
(34.748649999697875, -92.27448999971358)"
266,2008,Arkansas,17%,5.4%,26.3%,51.4%,"Arkansas
(34.748649999697875, -92.27448999971358)"
267,2009,Virginia,13.8%,5.2%,24.4%,56.5%,"Virginia
(37.54268000028196, -78.45789000012326)"
268,2004,South Carolina,18%,6.4%,21.9%,53.8%,"South Carolina
(33.99855000018255, -81.0452500001872)"
269,2001,Nebraska,15.8%,4.4%,22.3%,57.4%,"Nebraska
(41.6410400000961, -99.36572999973953)"
270,2003,Montana,14.8%,5.1%,28.4%,51.6%,"Montana
(47.06653000015956, -109.42441999998289)"
271,1996,Maine,22.6%,2.8%,27.8%,46.9%,"Maine
(45.25423000041434, -68.9850299999344)"
272,1996,Tennessee,25%,2.9%,19.9%,52.2%,"Tennessee
(35.68094000038087, -85.77449000011325)"
273,1997,New Jersey,16.6%,4.7%,26.2%,52.4%,"New Jersey
(40.13056999960594, -74.2736899996936)"
274,1999,Iowa,18.9%,4.6%,24.6%,51.9%,"Iowa
(42.469390000048634, -93.81649000001335)"
275,1997,Arkansas,24.8%,3.7%,20.2%,51.4%,"Arkansas
(34.748649999697875, -92.27448999971358)"
276,1998,Rhode Island,18.2%,4.4%,29%,48.4%,"Rhode Island
(41.70828000002217, -71.5224700001902)"
277,2008,Maryland,10.6%,4.3%,24.2%,60.9%,"Maryland
(39.29057999976732, -76.6092600004485)"
278,2010,Ohio,17.1%,5.4%,24.6%,52.9%,"Ohio
(40.06020999969189, -82.40426000019869)"
279,2007,Rhode Island,11.8%,5.2%,28.4%,54.6%,"Rhode Island
(41.70828000002217, -71.5224700001902)"
280,1995,Indiana,24.3%,2.7%,23%,50%,"Indiana
(39.76690999989677, -86.14996000035359)"
281,2007,Oklahoma,20%,5.8%,23.2%,51%,"Oklahoma
(35.4720099999617, -97.52034999975251)"
282,1999,Rhode Island,17.8%,4.4%,25.6%,52.2%,"Rhode Island
(41.70828000002217, -71.5224700001902)"
283,2009,Hawaii,10.4%,5%,26.9%,57.7%,"Hawaii
(21.304850000427336, -157.85774999956269)"
284,2005,Washington,12.5%,5%,27.3%,55.1%,"Washington
(47.522280000022135, -120.47001000026114)"
285,2003,Maryland,15.2%,4.9%,23.7%,56.2%,"Maryland
(39.29057999976732, -76.6092600004485)"
286,2000,Nevada,22%,7.1%,26.7%,44.3%,"Nevada
(39.49323999972637, -117.07183999971608)"
287,2001,New Jersey,15%,6.1%,26.2%,52.7%,"New Jersey
(40.13056999960594, -74.2736899996936)"
288,1995,North Dakota,20.1%,2.5%,24.2%,53.2%,"North Dakota
(47.475320000018144, -100.11841999998285)"
289,2006,Michigan,16.5%,5.8%,25.4%,52.2%,"Michigan
(44.661320000317914, -84.71438999959867)"
290,2006,Wyoming,16.4%,5.2%,24.9%,53.5%,"Wyoming
(43.23553999957147, -108.10982999975454)"
291,2001,Alabama,17.4%,6.5%,23.4%,52.8%,"Alabama
(32.840569999605975, -86.63186000013877)"
292,2003,Pennsylvania,20.2%,5.3%,25.2%,49.4%,"Pennsylvania
(40.79372999993973, -77.86069999960512)"
293,2004,Vermont,15%,5%,30.6%,49.4%,"Vermont
(43.625379999687425, -72.51764000028561)"
294,2004,Rhode Island,15.8%,5.5%,28.8%,49.9%,"Rhode Island
(41.70828000002217, -71.5224700001902)"
295,1995,Georgia,18.4%,1.9%,18.1%,61.6%,"Georgia
(32.83967999993223, -83.62758000031658)"
296,2005,Illinois,14.2%,5.7%,24%,56.1%,"Illinois
(40.485010000411364, -88.99770999971656)"
297,1995,Montana,18.9%,2.2%,29.2%,49.8%,"Montana
(47.06653000015956, -109.42441999998289)"
298,2004,Wisconsin,16.5%,5.4%,24.3%,53.8%,"Wisconsin
(44.39319000021851, -89.81636999977553)"
299,2007,Maryland,11.5%,5.6%,23.7%,59.3%,"Maryland
(39.29057999976732, -76.6092600004485)"
300,2007,Alabama,16.5%,6%,23.2%,54.3%,"Alabama
(32.840569999605975, -86.63186000013877)"
301,2006,Massachusetts,13%,4.7%,27.7%,54.5%,"Massachusetts
(42.27687000005062, -72.08269000004333)"
302,2001,Oregon,15%,5.5%,28.7%,50.9%,"Oregon
(44.567449999917756, -120.15502999983448)"
303,2010,Illinois,11.5%,5.4%,23.6%,59.5%,"Illinois
(40.485010000411364, -88.99770999971656)"
304,2003,Oklahoma,20.3%,4.8%,22.1%,52.7%,"Oklahoma
(35.4720099999617, -97.52034999975251)"
305,2000,New Hampshire,19.7%,5.6%,29.7%,45%,"New Hampshire
(43.65595000019255, -71.50036000041354)"
306,2009,Maine,12.5%,4.7%,31.1%,51.6%,"Maine
(45.25423000041434, -68.9850299999344)"
307,2010,Connecticut,9.2%,4%,29.2%,57.6%,"Connecticut
(41.56265999995918, -72.6498400002157)"
308,2003,Texas,15.6%,6.5%,21.6%,56.3%,"Texas
(31.82724000022597, -99.42676999973554)"
309,2004,Illinois,15.4%,6.8%,21.5%,56.2%,"Illinois
(40.485010000411364, -88.99770999971656)"
310,2007,Illinois,13.7%,6.4%,23.5%,56.4%,"Illinois
(40.485010000411364, -88.99770999971656)"
311,1997,Missouri,24.6%,4%,21.6%,49.7%,"Missouri
(38.63578999960896, -92.5663000000448)"
312,1995,Louisiana,21.1%,4%,22.3%,52.7%,"Louisiana
(31.31265999975932, -92.44567999993188)"
313,2002,Ohio,21.4%,5.2%,24.7%,48.7%,"Ohio
(40.06020999969189, -82.40426000019869)"
314,2006,Mississippi,17.9%,7.2%,21.1%,53.8%,"Mississippi
(32.7455100000866, -89.53803000008429)"
315,2001,California,12.1%,5.1%,25.9%,56.9%,"California
(37.638300000444815, -120.99958999997835)"
316,2006,West Virginia,21.3%,4.5%,24.7%,49.6%,"West Virginia
(38.66550999958696, -80.71263999973604)"
317,2005,Pennsylvania,17.9%,5.7%,25.4%,51%,"Pennsylvania
(40.79372999993973, -77.86069999960512)"
318,2002,Illinois,17.8%,5.1%,22.9%,54.3%,"Illinois
(40.485010000411364, -88.99770999971656)"
319,1998,Illinois,17%,6.1%,25%,51.9%,"Illinois
(40.485010000411364, -88.99770999971656)"
320,2008,Minnesota,12.1%,5.5%,27.1%,55.4%,"Minnesota
(46.3556499998478, -94.79419999982997)"
321,2008,California,8.9%,5.1%,23.3%,62.7%,"California
(37.638300000444815, -120.99958999997835)"
322,2009,South Dakota,12.5%,5%,27.2%,55.3%,"South Dakota
(44.353130000049646, -100.37353000040906)"
323,2001,North Dakota,15.6%,6.5%,24.8%,53.1%,"North Dakota
(47.475320000018144, -100.11841999998285)"
324,2007,Alaska,15.6%,6.7%,27.1%,50.7%,"Alaska
(64.84507999974238, -147.72205999986895)"
325,1996,Ohio,25.7%,2.7%,21.4%,50.2%,"Ohio
(40.06020999969189, -82.40426000019869)"
326,2010,Maine,13.9%,4.3%,30.2%,51.6%,"Maine
(45.25423000041434, -68.9850299999344)"
327,2007,South Carolina,16.2%,5.7%,25%,53.1%,"South Carolina
(33.99855000018255, -81.0452500001872)"
328,1998,New Jersey,15.2%,3.9%,26.4%,54.5%,"New Jersey
(40.13056999960594, -74.2736899996936)"
329,1995,Oklahoma,20.2%,1.3%,17.4%,61.2%,"Oklahoma
(35.4720099999617, -97.52034999975251)"
330,2000,New Jersey,14.8%,6.2%,22.4%,56.6%,"New Jersey
(40.13056999960594, -74.2736899996936)"
331,1996,Washington,19.1%,4.4%,26.8%,49.7%,"Washington
(47.522280000022135, -120.47001000026114)"
332,2007,Montana,14.8%,4.6%,26.6%,53.9%,"Montana
(47.06653000015956, -109.42441999998289)"
333,2003,Alabama,19.7%,5.7%,23.9%,50.8%,"Alabama
(32.840569999605975, -86.63186000013877)"
334,2005,Alabama,18.8%,6%,20.9%,54.3%,"Alabama
(32.840569999605975, -86.63186000013877)"
335,1999,California,12.5%,6.2%,26.4%,54.9%,"California
(37.638300000444815, -120.99958999997835)"
336,2007,Washington,12.2%,4.6%,26.2%,57%,"Washington
(47.522280000022135, -120.47001000026114)"
337,2001,Indiana,21.5%,5.9%,22.6%,50%,"Indiana
(39.76690999989677, -86.14996000035359)"
338,1998,Wyoming,19%,3.9%,25.2%,52%,"Wyoming
(43.23553999957147, -108.10982999975454)"
339,2009,California,8.1%,4.7%,23.2%,63.9%,"California
(37.638300000444815, -120.99958999997835)"
340,1996,Wyoming,20.1%,4.5%,25.1%,50.3%,"Wyoming
(43.23553999957147, -108.10982999975454)"
341,1999,Ohio,23.6%,4%,24%,48.4%,"Ohio
(40.06020999969189, -82.40426000019869)"
342,2009,New York,12.1%,5.9%,26.3%,55.7%,"New York
(42.82699999955048, -75.54396999981549)"
343,2008,Wisconsin,14.1%,5.7%,26.7%,53.5%,"Wisconsin
(44.39319000021851, -89.81636999977553)"
344,1995,Kentucky,24.9%,2.7%,22.3%,50.1%,"Kentucky
(37.645969999815804, -84.77496999996538)"
345,1998,Hawaii,15.8%,3.7%,26.1%,54.4%,"Hawaii
(21.304850000427336, -157.85774999956269)"
346,2003,Wyoming,19.8%,4.8%,26.2%,49.1%,"Wyoming
(43.23553999957147, -108.10982999975454)"
347,2008,Ohio,15.5%,4.6%,25.4%,54.4%,"Ohio
(40.06020999969189, -82.40426000019869)"
348,2002,Michigan,19.3%,4.8%,27.1%,48.7%,"Michigan
(44.661320000317914, -84.71438999959867)"
349,2005,District of Columbia,11.6%,8.5%,21.5%,58.5%,"District of Columbia
(38.89036999987576, -77.03195999965413)"
350,2003,Nebraska,16%,5.3%,24%,54.7%,"Nebraska
(41.6410400000961, -99.36572999973953)"
351,2008,North Dakota,13.3%,4.8%,25.4%,56.5%,"North Dakota
(47.475320000018144, -100.11841999998285)"
352,2000,Massachusetts,15.3%,4.7%,28.2%,51.9%,"Massachusetts
(42.27687000005062, -72.08269000004333)"
353,2008,Wyoming,14.9%,4.5%,25.4%,55.2%,"Wyoming
(43.23553999957147, -108.10982999975454)"
354,1998,Nevada,23.6%,6.7%,24%,45.6%,"Nevada
(39.49323999972637, -117.07183999971608)"
355,1997,District of Columbia,11.8%,7%,15.8%,65.4%,"District of Columbia
(38.89036999987576, -77.03195999965413)"
356,2010,Iowa,12.1%,4.1%,23.4%,60.4%,"Iowa
(42.469390000048634, -93.81649000001335)"
357,2006,Oregon,13.6%,4.8%,25.7%,55.8%,"Oregon
(44.567449999917756, -120.15502999983448)"
358,2006,New York,13.4%,4.9%,24.5%,57.3%,"New York
(42.82699999955048, -75.54396999981549)"
359,1997,Alabama,20.8%,3.9%,22%,53.3%,"Alabama
(32.840569999605975, -86.63186000013877)"
360,1996,Kentucky,27.9%,3.8%,23.2%,45.2%,"Kentucky
(37.645969999815804, -84.77496999996538)"
361,1996,Delaware,21%,3.3%,26.8%,49%,"Delaware
(39.00883000020451, -75.57774000040052)"
362,1995,Nebraska,19.4%,2.4%,25.7%,52.5%,"Nebraska
(41.6410400000961, -99.36572999973953)"
363,1998,North Carolina,20.5%,4.2%,23.4%,51.9%,"North Carolina
(35.46624999963797, -79.1593199999179)"
364,1995,Virginia,18.7%,2.7%,25.2%,53.5%,"Virginia
(37.54268000028196, -78.45789000012326)"
365,2002,Georgia,17.7%,5.6%,22.4%,54.3%,"Georgia
(32.83967999993223, -83.62758000031658)"
366,1997,Mississippi,19%,4.1%,21.3%,55.6%,"Mississippi
(32.7455100000866, -89.53803000008429)"
367,2003,District of Columbia,13.9%,8.1%,22.2%,55.8%,"District of Columbia
(38.89036999987576, -77.03195999965413)"
368,2006,Nebraska,13.8%,4.8%,23.8%,57.5%,"Nebraska
(41.6410400000961, -99.36572999973953)"
369,1999,North Dakota,17%,5.1%,24.7%,53.1%,"North Dakota
(47.475320000018144, -100.11841999998285)"
370,2006,South Dakota,14.7%,5.6%,24.8%,54.8%,"South Dakota
(44.353130000049646, -100.37353000040906)"
371,2005,Texas,13.2%,6.8%,21%,59%,"Texas
(31.82724000022597, -99.42676999973554)"
372,1999,Arkansas,22.6%,4.6%,23.1%,49.7%,"Arkansas
(34.748649999697875, -92.27448999971358)"
373,2008,Massachusetts,11.7%,4.4%,28.1%,55.8%,"Massachusetts
(42.27687000005062, -72.08269000004333)"
374,1999,Indiana,22.5%,4.5%,22%,51%,"Indiana
(39.76690999989677, -86.14996000035359)"
375,2008,Illinois,15.1%,6.2%,23.4%,55.3%,"Illinois
(40.485010000411364, -88.99770999971656)"
376,2004,Connecticut,13.2%,4.9%,30%,51.9%,"Connecticut
(41.56265999995918, -72.6498400002157)"
377,1999,Wyoming,19.1%,4.8%,24.9%,51.2%,"Wyoming
(43.23553999957147, -108.10982999975454)"
378,2003,South Carolina,19.6%,5.9%,23%,51.5%,"South Carolina
(33.99855000018255, -81.0452500001872)"
379,1998,Mississippi,19.1%,5%,21.9%,54%,"Mississippi
(32.7455100000866, -89.53803000008429)"
380,1999,Tennessee,21.9%,2.9%,20.7%,54.4%,"Tennessee
(35.68094000038087, -85.77449000011325)"
381,2004,Oklahoma,19.9%,6.2%,22.5%,51.4%,"Oklahoma
(35.4720099999617, -97.52034999975251)"
382,2010,North Carolina,14.3%,5.4%,24.5%,55.8%,"North Carolina
(35.46624999963797, -79.1593199999179)"
383,1996,Oklahoma,21.5%,2.5%,18.4%,57.5%,"Oklahoma
(35.4720099999617, -97.52034999975251)"
384,2006,District of Columbia,10.6%,7.3%,22.1%,60%,"District of Columbia
(38.89036999987576, -77.03195999965413)"
385,2005,Iowa,16.1%,4.3%,24.8%,54.8%,"Iowa
(42.469390000048634, -93.81649000001335)"
386,2003,New Hampshire,17%,4.2%,31%,47.8%,"New Hampshire
(43.65595000019255, -71.50036000041354)"
387,2010,Colorado,11.4%,4.6%,24.7%,59.3%,"Colorado
(38.842890000173554, -106.13314000041055)"
388,2007,Michigan,15.8%,5.4%,24.8%,54.1%,"Michigan
(44.661320000317914, -84.71438999959867)"
389,2007,Kansas,13.7%,4.2%,23.3%,58.8%,"Kansas
(38.34774000000118, -98.20077999969709)"
390,2010,Utah,6.4%,2.7%,14.3%,76.6%,"Utah
(39.36070000030492, -111.58712999994941)"
391,2000,Missouri,22.6%,4.6%,24.7%,48.1%,"Missouri
(38.63578999960896, -92.5663000000448)"
392,2003,Louisiana,20.4%,6.2%,20.7%,52.7%,"Louisiana
(31.31265999975932, -92.44567999993188)"
393,2009,Florida,12.8%,4.3%,27.6%,55.3%,"Florida
(28.932039999846268, -81.9289599999039)"
394,1997,Connecticut,17.2%,4.4%,29.1%,49.3%,"Connecticut
(41.56265999995918, -72.6498400002157)"
395,1997,Nebraska,18.5%,3.6%,22.7%,55.2%,"Nebraska
(41.6410400000961, -99.36572999973953)"
396,1997,South Dakota,18.8%,5.6%,25.8%,49.9%,"South Dakota
(44.353130000049646, -100.37353000040906)"
397,2006,Illinois,14.1%,6.4%,23.7%,55.8%,"Illinois
(40.485010000411364, -88.99770999971656)"
398,2004,Arkansas,19.4%,6.2%,24.7%,49.8%,"Arkansas
(34.748649999697875, -92.27448999971358)"
399,2000,Rhode Island,18.3%,5.1%,26.7%,49.9%,"Rhode Island
(41.70828000002217, -71.5224700001902)"
400,2005,Colorado,13.5%,6.3%,24.8%,55.4%,"Colorado
(38.842890000173554, -106.13314000041055)"
401,2002,North Carolina,21.2%,5.1%,24.1%,49.7%,"North Carolina
(35.46624999963797, -79.1593199999179)"
402,1997,Tennessee,23.7%,3.3%,21.3%,51.7%,"Tennessee
(35.68094000038087, -85.77449000011325)"
403,1996,New Mexico,16.7%,6.2%,24.2%,53%,"New Mexico
(34.52088000011207, -106.24057999976702)"
404,1997,Illinois,17.8%,5.4%,25.8%,51%,"Illinois
(40.485010000411364, -88.99770999971656)"
405,2000,Florida,17.7%,5.5%,27.4%,49.4%,"Florida
(28.932039999846268, -81.9289599999039)"
406,1995,Maine,22.2%,2.5%,27.2%,48.1%,"Maine
(45.25423000041434, -68.9850299999344)"
407,2010,Tennessee,15.7%,4.4%,22.9%,57%,"Tennessee
(35.68094000038087, -85.77449000011325)"
408,1998,Delaware,20.7%,3.7%,24.5%,51%,"Delaware
(39.00883000020451, -75.57774000040052)"
409,2001,Wisconsin,18.2%,5.4%,28.7%,47.8%,"Wisconsin
(44.39319000021851, -89.81636999977553)"
410,2002,Minnesota,16.2%,5.5%,26.8%,51.4%,"Minnesota
(46.3556499998478, -94.79419999982997)"
411,2010,Oklahoma,17.5%,6.2%,24.3%,52%,"Oklahoma
(35.4720099999617, -97.52034999975251)"
412,1998,Minnesota,13.3%,4.7%,18.6%,63.4%,"Minnesota
(46.3556499998478, -94.79419999982997)"
413,2009,Alaska,14.7%,5.9%,28.1%,51.3%,"Alaska
(64.84507999974238, -147.72205999986895)"
414,2000,District of Columbia,13.9%,7%,22%,57.1%,"District of Columbia
(38.89036999987576, -77.03195999965413)"
415,1995,Oregon,18.5%,3.2%,28.4%,49.9%,"Oregon
(44.567449999917756, -120.15502999983448)"
416,2002,Colorado,15.6%,4.7%,25.6%,54%,"Colorado
(38.842890000173554, -106.13314000041055)"
417,2003,Arizona,15.4%,5.5%,26.2%,53%,"Arizona
(34.86596999961597, -111.76380999973156)"
418,1996,New York,19.2%,4%,23.7%,53.1%,"New York
(42.82699999955048, -75.54396999981549)"
419,2000,Ohio,21.1%,5.1%,23.2%,50.6%,"Ohio
(40.06020999969189, -82.40426000019869)"
420,2001,Kansas,16.9%,5.4%,24.3%,53.5%,"Kansas
(38.34774000000118, -98.20077999969709)"
421,2006,Wisconsin,15.2%,5.6%,26%,53.2%,"Wisconsin
(44.39319000021851, -89.81636999977553)"
422,1999,Virginia,17%,4.3%,25.3%,53.3%,"Virginia
(37.54268000028196, -78.45789000012326)"
423,2003,New Mexico,15.8%,6.2%,25.9%,52.1%,"New Mexico
(34.52088000011207, -106.24057999976702)"
424,2000,Arkansas,19.9%,5.2%,24.5%,50.4%,"Arkansas
(34.748649999697875, -92.27448999971358)"
425,2007,New Hampshire,15.1%,4.2%,30.3%,50.4%,"New Hampshire
(43.65595000019255, -71.50036000041354)"
426,2008,Iowa,14.1%,4.6%,24.7%,56.6%,"Iowa
(42.469390000048634, -93.81649000001335)"
427,2001,Kentucky,26.2%,4.7%,23.6%,45.5%,"Kentucky
(37.645969999815804, -84.77496999996538)"
428,1999,Washington,17%,5.3%,26.8%,50.8%,"Washington
(47.522280000022135, -120.47001000026114)"
429,2010,Indiana,16.3%,5%,25.1%,53.7%,"Indiana
(39.76690999989677, -86.14996000035359)"
430,2010,Wyoming,14.9%,4.6%,24.6%,55.9%,"Wyoming
(43.23553999957147, -108.10982999975454)"
431,2008,Delaware,13.4%,4.4%,28.5%,53.7%,"Delaware
(39.00883000020451, -75.57774000040052)"
432,2003,Connecticut,13.9%,4.7%,31.2%,50.2%,"Connecticut
(41.56265999995918, -72.6498400002157)"
433,2003,New Jersey,14%,5.4%,26.3%,54.3%,"New Jersey
(40.13056999960594, -74.2736899996936)"
434,2009,Ohio,15.6%,4.7%,25.8%,53.8%,"Ohio
(40.06020999969189, -82.40426000019869)"
435,2006,Rhode Island,14.9%,4.3%,28.8%,52%,"Rhode Island
(41.70828000002217, -71.5224700001902)"
436,1996,Pennsylvania,20.3%,4.2%,23.2%,52.3%,"Pennsylvania
(40.79372999993973, -77.86069999960512)"
437,1999,South Carolina,18%,5.6%,20.4%,56%,"South Carolina
(33.99855000018255, -81.0452500001872)"
438,1997,Vermont,19.5%,3.8%,29.1%,47.7%,"Vermont
(43.625379999687425, -72.51764000028561)"
439,1998,West Virginia,24.9%,3.1%,23.8%,48.3%,"West Virginia
(38.66550999958696, -80.71263999973604)"
440,1996,Arizona,19.9%,3.9%,25.1%,51.2%,"Arizona
(34.86596999961597, -111.76380999973156)"
441,1998,California,13.6%,5.6%,26.2%,54.6%,"California
(37.638300000444815, -120.99958999997835)"
442,1999,District of Columbia,13.4%,7.1%,16.1%,63.3%,"District of Columbia
(38.89036999987576, -77.03195999965413)"
443,1998,New Hampshire,18.2%,5%,28.5%,48.2%,"New Hampshire
(43.65595000019255, -71.50036000041354)"
444,2001,Alaska,19%,7.2%,26.9%,46.9%,"Alaska
(64.84507999974238, -147.72205999986895)"
445,1999,Nevada,24.3%,7.2%,29%,39.5%,"Nevada
(39.49323999972637, -117.07183999971608)"
446,1996,Montana,19.1%,2.6%,27%,51.3%,"Montana
(47.06653000015956, -109.42441999998289)"
447,2001,Maine,18.2%,5.7%,31.9%,44.2%,"Maine
(45.25423000041434, -68.9850299999344)"
448,2002,Florida,17.8%,4.2%,25.1%,52.9%,"Florida
(28.932039999846268, -81.9289599999039)"
449,2001,South Dakota,16.6%,5.8%,25.2%,52.5%,"South Dakota
(44.353130000049646, -100.37353000040906)"
450,2005,Massachusetts,13.5%,4.6%,27.5%,54.5%,"Massachusetts
(42.27687000005062, -72.08269000004333)"
451,1997,Oklahoma,21.4%,3.2%,19.1%,56.3%,"Oklahoma
(35.4720099999617, -97.52034999975251)"
452,2005,Ohio,17.6%,4.8%,25.8%,51.9%,"Ohio
(40.06020999969189, -82.40426000019869)"
453,2004,Pennsylvania,17.5%,5.3%,23.9%,53.4%,"Pennsylvania
(40.79372999993973, -77.86069999960512)"
454,1995,Washington,17.5%,2.4%,29.9%,50.2%,"Washington
(47.522280000022135, -120.47001000026114)"
455,2010,Florida,12%,5.2%,29.8%,53%,"Florida
(28.932039999846268, -81.9289599999039)"
456,2008,District of Columbia,9.3%,7%,22.5%,61.2%,"District of Columbia
(38.89036999987576, -77.03195999965413)"
457,2008,Hawaii,11.8%,3.7%,25.4%,59.2%,"Hawaii
(21.304850000427336, -157.85774999956269)"
458,2010,West Virginia,23.2%,3.6%,24.4%,48.8%,"West Virginia
(38.66550999958696, -80.71263999973604)"
459,2008,Georgia,14.5%,5%,21.4%,59.1%,"Georgia
(32.83967999993223, -83.62758000031658)"
460,2002,Maine,19.6%,4%,33.4%,43.1%,"Maine
(45.25423000041434, -68.9850299999344)"
461,1996,Arkansas,21.9%,3.4%,18%,56.7%,"Arkansas
(34.748649999697875, -92.27448999971358)"
462,2003,Hawaii,14.1%,3.2%,24.1%,58.6%,"Hawaii
(21.304850000427336, -157.85774999956269)"
463,2007,Virginia,14.1%,4.4%,23.5%,58%,"Virginia
(37.54268000028196, -78.45789000012326)"
464,2007,South Dakota,14.2%,5.6%,24.3%,55.9%,"South Dakota
(44.353130000049646, -100.37353000040906)"
465,2006,Utah,7.1%,2.7%,16.6%,73.6%,"Utah
(39.36070000030492, -111.58712999994941)"
466,1997,Virginia,18.8%,5.6%,25.8%,49.8%,"Virginia
(37.54268000028196, -78.45789000012326)"
467,1995,Pennsylvania,20.4%,3.3%,28.3%,48%,"Pennsylvania
(40.79372999993973, -77.86069999960512)"
468,2001,Massachusetts,14.8%,4.7%,29.9%,50.6%,"Massachusetts
(42.27687000005062, -72.08269000004333)"
469,1995,Minnesota,17.4%,2.9%,23.6%,56.1%,"Minnesota
(46.3556499998478, -94.79419999982997)"
470,1995,Arizona,20.3%,2.4%,25.6%,51.7%,"Arizona
(34.86596999961597, -111.76380999973156)"
471,2003,Colorado,13.8%,4.7%,27.2%,54.2%,"Colorado
(38.842890000173554, -106.13314000041055)"
472,1995,Florida,20.3%,2.7%,28.5%,48.5%,"Florida
(28.932039999846268, -81.9289599999039)"
473,2006,Nevada,15.6%,6.5%,25.6%,52.3%,"Nevada
(39.49323999972637, -117.07183999971608)"
474,2007,Delaware,15.1%,3.8%,26.1%,54.9%,"Delaware
(39.00883000020451, -75.57774000040052)"
475,2000,Arizona,13.5%,5.2%,21.7%,59.7%,"Arizona
(34.86596999961597, -111.76380999973156)"
476,2007,Massachusetts,12%,4.4%,28.5%,55.1%,"Massachusetts
(42.27687000005062, -72.08269000004333)"
477,2005,California,9.8%,5.3%,23.3%,61.5%,"California
(37.638300000444815, -120.99958999997835)"
478,2004,Texas,13.6%,6.9%,20.2%,59.3%,"Texas
(31.82724000022597, -99.42676999973554)"
479,2001,West Virginia,23.5%,4.6%,24.7%,47.1%,"West Virginia
(38.66550999958696, -80.71263999973604)"
480,2008,Rhode Island,13.4%,4%,28.1%,54.5%,"Rhode Island
(41.70828000002217, -71.5224700001902)"
481,2007,Nebraska,14.5%,5.5%,23.8%,56.2%,"Nebraska
(41.6410400000961, -99.36572999973953)"
482,2003,Illinois,17.1%,6.3%,24.4%,52.2%,"Illinois
(40.485010000411364, -88.99770999971656)"
483,2002,Wyoming,19.2%,4.4%,26.5%,49.8%,"Wyoming
(43.23553999957147, -108.10982999975454)"
484,1996,Missouri,22.6%,5.2%,24.7%,47.5%,"Missouri
(38.63578999960896, -92.5663000000448)"
485,1995,New York,19.1%,2.2%,25.3%,53.4%,"New York
(42.82699999955048, -75.54396999981549)"
486,1998,Indiana,20.7%,5.3%,26%,48%,"Indiana
(39.76690999989677, -86.14996000035359)"
487,2003,Kentucky,26.8%,4%,22.5%,46.7%,"Kentucky
(37.645969999815804, -84.77496999996538)"
488,1999,Connecticut,17.5%,5.3%,25.3%,51.9%,"Connecticut
(41.56265999995918, -72.6498400002157)"
489,1999,Michigan,19.5%,5.6%,23.6%,51.3%,"Michigan
(44.661320000317914, -84.71438999959867)"
490,2006,Indiana,18.6%,5.5%,23.3%,52.7%,"Indiana
(39.76690999989677, -86.14996000035359)"
491,2001,Iowa,17%,5.1%,24.6%,53.2%,"Iowa
(42.469390000048634, -93.81649000001335)"
492,2002,Montana,15.7%,5.5%,26.1%,52.7%,"Montana
(47.06653000015956, -109.42441999998289)"
493,2000,New York,15.9%,5.7%,25.6%,52.9%,"New York
(42.82699999955048, -75.54396999981549)"
494,1999,Pennsylvania,18.4%,4.7%,23.3%,53.6%,"Pennsylvania
(40.79372999993973, -77.86069999960512)"
495,1999,Georgia,18.3%,5.4%,22.5%,53.7%,"Georgia
(32.83967999993223, -83.62758000031658)"
496,2009,Idaho,12.3%,4%,22.1%,61.6%,"Idaho
(43.682590000228515, -114.36368000023168)"
497,1997,North Carolina,21%,4.9%,22.4%,51.8%,"North Carolina
(35.46624999963797, -79.1593199999179)"
498,2004,Alabama,18.7%,6.1%,20.9%,54.3%,"Alabama
(32.840569999605975, -86.63186000013877)"
499,1997,Nevada,23.4%,4.6%,25.4%,46.6%,"Nevada
(39.49323999972637, -117.07183999971608)"
500,1995,Colorado,17.9%,3.6%,27.4%,51.1%,"Colorado
(38.842890000173554, -106.13314000041055)"
501,1995,New Mexico,17.6%,3.1%,27.7%,51.7%,"New Mexico
(34.52088000011207, -106.24057999976702)"
502,1998,South Carolina,19.6%,5.1%,20.7%,54.6%,"South Carolina
(33.99855000018255, -81.0452500001872)"
503,2003,South Dakota,16.4%,6.3%,25.3%,52%,"South Dakota
(44.353130000049646, -100.37353000040906)"
504,2003,Oregon,15.8%,5.2%,26.7%,52.4%,"Oregon
(44.567449999917756, -120.15502999983448)"
505,2003,Iowa,16.2%,5.4%,24.5%,53.8%,"Iowa
(42.469390000048634, -93.81649000001335)"
506,1998,North Dakota,17%,3%,28.2%,51.8%,"North Dakota
(47.475320000018144, -100.11841999998285)"
507,2002,North Dakota,16.4%,5.1%,26.5%,52%,"North Dakota
(47.475320000018144, -100.11841999998285)"
508,2010,South Carolina,14%,7%,24.1%,54.9%,"South Carolina
(33.99855000018255, -81.0452500001872)"
509,2006,Delaware,16.7%,5.1%,27.3%,50.9%,"Delaware
(39.00883000020451, -75.57774000040052)"
510,2002,Indiana,23%,4.7%,23.3%,49.1%,"Indiana
(39.76690999989677, -86.14996000035359)"
511,2003,Mississippi,19.7%,5.8%,20.7%,53.8%,"Mississippi
(32.7455100000866, -89.53803000008429)"
512,1995,South Dakota,19.8%,1.9%,24%,54.2%,"South Dakota
(44.353130000049646, -100.37353000040906)"
513,1996,Mississippi,19.7%,3.5%,21.1%,55.7%,"Mississippi
(32.7455100000866, -89.53803000008429)"
514,1998,Utah,10.5%,3.7%,18.7%,67.1%,"Utah
(39.36070000030492, -111.58712999994941)"
515,2003,Tennessee,21.1%,4.5%,18.9%,55.4%,"Tennessee
(35.68094000038087, -85.77449000011325)"
516,2009,Illinois,12%,6.6%,23.1%,58.3%,"Illinois
(40.485010000411364, -88.99770999971656)"
517,1998,Nebraska,17.4%,4.6%,24.4%,53.5%,"Nebraska
(41.6410400000961, -99.36572999973953)"
518,2005,Oregon,13.4%,5.1%,27.4%,54%,"Oregon
(44.567449999917756, -120.15502999983448)"
519,1999,Arizona,17.9%,2.2%,17.8%,62.1%,"Arizona
(34.86596999961597, -111.76380999973156)"
520,1998,Wisconsin,18.7%,4.7%,29.4%,47.2%,"Wisconsin
(44.39319000021851, -89.81636999977553)"
521,2009,Vermont,12.5%,4.6%,31.6%,51.3%,"Vermont
(43.625379999687425, -72.51764000028561)"
522,2003,Wisconsin,17.3%,4.7%,27.3%,50.7%,"Wisconsin
(44.39319000021851, -89.81636999977553)"
523,2010,Oregon,11%,4.1%,28.2%,56.7%,"Oregon
(44.567449999917756, -120.15502999983448)"
524,2003,Arkansas,20.5%,4.2%,25.4%,49.8%,"Arkansas
(34.748649999697875, -92.27448999971358)"
525,2001,Idaho,15.2%,4.4%,24.4%,56%,"Idaho
(43.682590000228515, -114.36368000023168)"
526,2006,North Carolina,17%,5.1%,24.1%,53.9%,"North Carolina
(35.46624999963797, -79.1593199999179)"
527,2004,Ohio,20.8%,5%,22.1%,52%,"Ohio
(40.06020999969189, -82.40426000019869)"
528,1997,Florida,19.8%,3.8%,26.4%,50%,"Florida
(28.932039999846268, -81.9289599999039)"
529,1997,Wisconsin,19.7%,3.5%,25.3%,51.5%,"Wisconsin
(44.39319000021851, -89.81636999977553)"
530,2003,Florida,17.4%,6.5%,26.8%,49.3%,"Florida
(28.932039999846268, -81.9289599999039)"
531,2009,Arizona,11%,5.1%,26%,57.8%,"Arizona
(34.86596999961597, -111.76380999973156)"
532,2003,Minnesota,15.9%,5.2%,28.3%,50.6%,"Minnesota
(46.3556499998478, -94.79419999982997)"
533,2005,Kansas,13.6%,4.2%,24.4%,57.8%,"Kansas
(38.34774000000118, -98.20077999969709)"
534,2004,Colorado,13.8%,6.2%,24.4%,55.6%,"Colorado
(38.842890000173554, -106.13314000041055)"
535,1999,Missouri,22.7%,4.3%,24.7%,48.2%,"Missouri
(38.63578999960896, -92.5663000000448)"
536,2008,Colorado,12.3%,5.4%,24.9%,57.5%,"Colorado
(38.842890000173554, -106.13314000041055)"
537,1998,Connecticut,15.3%,5.6%,28.2%,50.9%,"Connecticut
(41.56265999995918, -72.6498400002157)"
538,1996,California,13%,5.6%,25%,56.4%,"California
(37.638300000444815, -120.99958999997835)"
539,2006,Iowa,17.1%,4.3%,23.7%,54.8%,"Iowa
(42.469390000048634, -93.81649000001335)"
540,2009,North Carolina,14.4%,5.9%,26.2%,53.5%,"North Carolina
(35.46624999963797, -79.1593199999179)"
541,2010,New Hampshire,12.4%,4.5%,30.7%,52.4%,"New Hampshire
(43.65595000019255, -71.50036000041354)"
542,2005,New Hampshire,15.4%,5%,29.5%,50.1%,"New Hampshire
(43.65595000019255, -71.50036000041354)"
543,2005,Hawaii,12.1%,4.9%,26.2%,56.8%,"Hawaii
(21.304850000427336, -157.85774999956269)"
544,2005,Nebraska,16.1%,5.2%,22.7%,56.1%,"Nebraska
(41.6410400000961, -99.36572999973953)"
545,2002,Kansas,17.6%,4.5%,24.3%,53.6%,"Kansas
(38.34774000000118, -98.20077999969709)"
546,1995,West Virginia,23.7%,1.9%,23.3%,51.1%,"West Virginia
(38.66550999958696, -80.71263999973604)"
547,2004,Georgia,15%,5%,20.9%,59.1%,"Georgia
(32.83967999993223, -83.62758000031658)"
548,2007,Utah,8.3%,3.4%,15.8%,72.5%,"Utah
(39.36070000030492, -111.58712999994941)"
549,2009,Kentucky,20.6%,5%,25.3%,49.1%,"Kentucky
(37.645969999815804, -84.77496999996538)"
550,1997,Maine,19.8%,2.9%,31%,46.3%,"Maine
(45.25423000041434, -68.9850299999344)"
551,2006,Colorado,12.3%,5.6%,24.5%,57.6%,"Colorado
(38.842890000173554, -106.13314000041055)"
552,2008,New Hampshire,12.8%,4.2%,31.1%,51.9%,"New Hampshire
(43.65595000019255, -71.50036000041354)"
553,1998,Oklahoma,20.2%,3.6%,19.6%,56.5%,"Oklahoma
(35.4720099999617, -97.52034999975251)"
554,2000,Mississippi,18.8%,4.7%,20.5%,56%,"Mississippi
(32.7455100000866, -89.53803000008429)"
555,2007,New Mexico,13.1%,7.6%,24.8%,54.4%,"New Mexico
(34.52088000011207, -106.24057999976702)"
556,2009,Minnesota,11.3%,5.5%,26.4%,56.8%,"Minnesota
(46.3556499998478, -94.79419999982997)"
557,2004,North Carolina,17.6%,5.5%,21.2%,55.6%,"North Carolina
(35.46624999963797, -79.1593199999179)"
558,2010,Delaware,12.8%,4.5%,26.8%,56%,"Delaware
(39.00883000020451, -75.57774000040052)"
559,2003,Idaho,15%,4%,23.5%,57.6%,"Idaho
(43.682590000228515, -114.36368000023168)"
560,1998,Washington,16.9%,4.5%,27.6%,51.1%,"Washington
(47.522280000022135, -120.47001000026114)"
561,2004,Utah,7.8%,2.7%,15.8%,73.8%,"Utah
(39.36070000030492, -111.58712999994941)"
562,2007,Kentucky,23.5%,4.7%,23.9%,47.9%,"Kentucky
(37.645969999815804, -84.77496999996538)"
563,1995,Massachusetts,18.8%,2.8%,30%,48.4%,"Massachusetts
(42.27687000005062, -72.08269000004333)"
564,2009,Delaware,13.3%,5%,28.4%,53.4%,"Delaware
(39.00883000020451, -75.57774000040052)"
565,2000,Alaska,18.6%,6.4%,28.1%,46.8%,"Alaska
(64.84507999974238, -147.72205999986895)"
566,2001,Louisiana,19%,5.6%,19.9%,55.4%,"Louisiana
(31.31265999975932, -92.44567999993188)"
567,2008,Kentucky,20.5%,4.7%,25.3%,49.5%,"Kentucky
(37.645969999815804, -84.77496999996538)"
568,1996,West Virginia,23.9%,2.8%,22.9%,50.5%,"West Virginia
(38.66550999958696, -80.71263999973604)"
569,2010,Hawaii,10.7%,3.8%,25.3%,60.2%,"Hawaii
(21.304850000427336, -157.85774999956269)"
570,2001,Minnesota,16.9%,5.3%,28.3%,49.5%,"Minnesota
(46.3556499998478, -94.79419999982997)"
571,2000,North Dakota,17.5%,5.8%,23.4%,53.4%,"North Dakota
(47.475320000018144, -100.11841999998285)"
572,1999,Florida,16.3%,4.3%,26.8%,52.6%,"Florida
(28.932039999846268, -81.9289599999039)"
573,2001,Oklahoma,23.1%,5.6%,21.8%,49.5%,"Oklahoma
(35.4720099999617, -97.52034999975251)"
574,2000,Virginia,16.1%,5.3%,23.3%,55.3%,"Virginia
(37.54268000028196, -78.45789000012326)"
575,1998,Montana,18.5%,2.9%,26.7%,51.8%,"Montana
(47.06653000015956, -109.42441999998289)"
576,1997,Oregon,16.2%,4.5%,30.4%,48.9%,"Oregon
(44.567449999917756, -120.15502999983448)"
577,2004,New Mexico,13.2%,7.1%,24.1%,55.6%,"New Mexico
(34.52088000011207, -106.24057999976702)"
578,2002,Maryland,16.3%,5.6%,23.7%,54.4%,"Maryland
(39.29057999976732, -76.6092600004485)"
579,2000,Utah,9.6%,3.3%,18.4%,68.8%,"Utah
(39.36070000030492, -111.58712999994941)"
580,2008,New York,11.8%,5%,25.4%,57.8%,"New York
(42.82699999955048, -75.54396999981549)"
581,2002,New Jersey,14%,5%,26%,55%,"New Jersey
(40.13056999960594, -74.2736899996936)"
582,2004,New Hampshire,16.5%,5.1%,28.5%,49.8%,"New Hampshire
(43.65595000019255, -71.50036000041354)"
583,2009,Pennsylvania,15.1%,5.1%,26%,53.7%,"Pennsylvania
(40.79372999993973, -77.86069999960512)"
584,1997,Hawaii,14.3%,4.4%,26.4%,54.9%,"Hawaii
(21.304850000427336, -157.85774999956269)"
585,2003,Washington,14.6%,5%,26.2%,54.2%,"Washington
(47.522280000022135, -120.47001000026114)"
586,1999,South Dakota,17.6%,4.8%,25.1%,52.4%,"South Dakota
(44.353130000049646, -100.37353000040906)"
587,2006,Tennessee,18.4%,4.1%,23.5%,53.9%,"Tennessee
(35.68094000038087, -85.77449000011325)"
588,2000,Wisconsin,18.1%,6%,27.1%,48.8%,"Wisconsin
(44.39319000021851, -89.81636999977553)"
589,2008,Louisiana,16%,4.5%,19.9%,59.7%,"Louisiana
(31.31265999975932, -92.44567999993188)"
590,1998,Arizona,19.8%,2.1%,17.3%,60.9%,"Arizona
(34.86596999961597, -111.76380999973156)"
591,1997,Massachusetts,16.4%,4.1%,29.7%,49.8%,"Massachusetts
(42.27687000005062, -72.08269000004333)"
592,1999,Kansas,18.1%,3%,22.5%,56.4%,"Kansas
(38.34774000000118, -98.20077999969709)"
593,1996,Vermont,18.9%,5.2%,29.2%,46.7%,"Vermont
(43.625379999687425, -72.51764000028561)"
594,2006,Kansas,15.2%,4.8%,24.1%,55.9%,"Kansas
(38.34774000000118, -98.20077999969709)"
595,2002,West Virginia,23.8%,4.7%,24.2%,47.4%,"West Virginia
(38.66550999958696, -80.71263999973604)"
596,2005,Arizona,13.7%,6.6%,25.5%,54.3%,"Arizona
(34.86596999961597, -111.76380999973156)"
597,2008,Kansas,13.2%,4.7%,23.2%,59%,"Kansas
(38.34774000000118, -98.20077999969709)"
598,2003,Rhode Island,17.2%,5.1%,29.1%,48.5%,"Rhode Island
(41.70828000002217, -71.5224700001902)"
599,2000,Indiana,22.4%,4.6%,22.6%,50.5%,"Indiana
(39.76690999989677, -86.14996000035359)"
600,2000,Connecticut,15.3%,4.6%,27.8%,52.3%,"Connecticut
(41.56265999995918, -72.6498400002157)"
601,2003,Georgia,16.5%,6.2%,21.7%,55.6%,"Georgia
(32.83967999993223, -83.62758000031658)"
602,1995,Maryland,18%,3.1%,20.6%,58.3%,"Maryland
(39.29057999976732, -76.6092600004485)"
603,2004,Wyoming,16.5%,5.2%,24.9%,53.4%,"Wyoming
(43.23553999957147, -108.10982999975454)"
604,1999,Kentucky,25.6%,4.2%,23.2%,47.1%,"Kentucky
(37.645969999815804, -84.77496999996538)"
605,1999,Hawaii,14.4%,4.1%,22.9%,58.6%,"Hawaii
(21.304850000427336, -157.85774999956269)"
606,2008,Idaho,12.5%,4.4%,21.9%,61.2%,"Idaho
(43.682590000228515, -114.36368000023168)"
607,2009,Missouri,18.3%,4.8%,24.8%,52.1%,"Missouri
(38.63578999960896, -92.5663000000448)"
608,2006,Missouri,18.6%,4.6%,26.8%,50%,"Missouri
(38.63578999960896, -92.5663000000448)"
609,2008,Maine,14%,4.1%,31.7%,50.1%,"Maine
(45.25423000041434, -68.9850299999344)"
610,2009,District of Columbia,9.1%,6.2%,24.2%,60.6%,"District of Columbia
(38.89036999987576, -77.03195999965413)"
611,2010,Texas,10.5%,5.3%,21.3%,62.9%,"Texas
(31.82724000022597, -99.42676999973554)"
612,2007,Idaho,14.5%,4.6%,22.6%,58.3%,"Idaho
(43.682590000228515, -114.36368000023168)"
613,1996,Michigan,21%,4.7%,25.9%,48.5%,"Michigan
(44.661320000317914, -84.71438999959867)"
614,2001,Connecticut,14.9%,5.8%,28.9%,50.5%,"Connecticut
(41.56265999995918, -72.6498400002157)"
615,1996,Georgia,17.3%,3%,14.2%,65.6%,"Georgia
(32.83967999993223, -83.62758000031658)"
616,2002,Massachusetts,14.4%,4.5%,29.1%,52%,"Massachusetts
(42.27687000005062, -72.08269000004333)"
617,1996,Illinois,20.4%,4.4%,23.4%,51.8%,"Illinois
(40.485010000411364, -88.99770999971656)"
618,2008,Pennsylvania,15.6%,5.7%,25.3%,53.3%,"Pennsylvania
(40.79372999993973, -77.86069999960512)"
619,2005,Alaska,18.8%,6.2%,23.8%,51.2%,"Alaska
(64.84507999974238, -147.72205999986895)"
620,2004,California,10%,4.7%,24.2%,61.1%,"California
(37.638300000444815, -120.99958999997835)"
621,1998,Virginia,18.1%,4.8%,23.2%,53.9%,"Virginia
(37.54268000028196, -78.45789000012326)"
622,1996,North Dakota,19.5%,3.9%,25.5%,51.2%,"North Dakota
(47.475320000018144, -100.11841999998285)"
623,1997,California,12.6%,5.9%,26.9%,54.6%,"California
(37.638300000444815, -120.99958999997835)"
624,2004,Minnesota,15.2%,5.5%,26.8%,52.5%,"Minnesota
(46.3556499998478, -94.79419999982997)"
625,2009,Arkansas,15.5%,5.9%,28.1%,50.4%,"Arkansas
(34.748649999697875, -92.27448999971358)"
626,2008,Oregon,11.8%,4.5%,24.7%,59%,"Oregon
(44.567449999917756, -120.15502999983448)"
627,2010,Minnesota,11.3%,3.6%,25.9%,59.2%,"Minnesota
(46.3556499998478, -94.79419999982997)"
628,2000,Wyoming,18.2%,5.6%,25.1%,51.1%,"Wyoming
(43.23553999957147, -108.10982999975454)"
629,2006,Louisiana,17.7%,5.7%,20.1%,56.4%,"Louisiana
(31.31265999975932, -92.44567999993188)"
630,2002,Nebraska,17.8%,4.9%,22.9%,54.4%,"Nebraska
(41.6410400000961, -99.36572999973953)"
631,2000,Washington,14.8%,5.9%,28.8%,50.5%,"Washington
(47.522280000022135, -120.47001000026114)"
632,2002,Virginia,19.4%,5.3%,22.4%,53%,"Virginia
(37.54268000028196, -78.45789000012326)"
633,2009,Colorado,12.1%,5%,25.5%,57.4%,"Colorado
(38.842890000173554, -106.13314000041055)"
634,1995,Alabama,21.9%,2.1%,21.1%,54.8%,"Alabama
(32.840569999605975, -86.63186000013877)"
635,2000,Hawaii,15.8%,3.9%,24.2%,56.2%,"Hawaii
(21.304850000427336, -157.85774999956269)"
636,2003,Massachusetts,14.5%,4.6%,31%,49.9%,"Massachusetts
(42.27687000005062, -72.08269000004333)"
637,2002,Hawaii,17.1%,3.9%,24.3%,54.7%,"Hawaii
(21.304850000427336, -157.85774999956269)"
638,1999,Alabama,18.1%,5.3%,24.2%,52.3%,"Alabama
(32.840569999605975, -86.63186000013877)"
639,2008,Florida,12.8%,4.7%,26.1%,56.4%,"Florida
(28.932039999846268, -81.9289599999039)"
640,2005,Louisiana,16.4%,6.1%,21%,56.5%,"Louisiana
(31.31265999975932, -92.44567999993188)"
641,2001,District of Columbia,12.2%,8.5%,23.3%,55.9%,"District of Columbia
(38.89036999987576, -77.03195999965413)"
642,1997,Idaho,15.6%,4.3%,24.3%,55.8%,"Idaho
(43.682590000228515, -114.36368000023168)"
643,2010,Pennsylvania,13.4%,5%,26.2%,55.4%,"Pennsylvania
(40.79372999993973, -77.86069999960512)"
644,2004,West Virginia,21.8%,5.1%,25.1%,48%,"West Virginia
(38.66550999958696, -80.71263999973604)"
645,2000,Oregon,15.3%,5.4%,28.3%,50.9%,"Oregon
(44.567449999917756, -120.15502999983448)"
646,2005,New Jersey,12.8%,5.2%,25.5%,56.5%,"New Jersey
(40.13056999960594, -74.2736899996936)"
647,2006,Arizona,12.1%,6.1%,24.9%,56.9%,"Arizona
(34.86596999961597, -111.76380999973156)"
648,2002,California,11.1%,5.3%,23.9%,59.6%,"California
(37.638300000444815, -120.99958999997835)"
649,1998,Oregon,16.3%,4.8%,27.4%,51.6%,"Oregon
(44.567449999917756, -120.15502999983448)"
650,2004,Kansas,15.3%,4.5%,21.7%,58.5%,"Kansas
(38.34774000000118, -98.20077999969709)"
651,2004,New Jersey,13%,5.8%,24.4%,56.8%,"New Jersey
(40.13056999960594, -74.2736899996936)"
652,2004,New York,14.2%,5.7%,24.2%,55.9%,"New York
(42.82699999955048, -75.54396999981549)"
653,1996,Nevada,25.1%,3%,26.8%,45%,"Nevada
(39.49323999972637, -117.07183999971608)"
654,2000,Minnesota,15.2%,4.5%,23.1%,57.1%,"Minnesota
(46.3556499998478, -94.79419999982997)"
655,1999,Minnesota,15.1%,4.4%,20%,60.5%,"Minnesota
(46.3556499998478, -94.79419999982997)"
656,2004,Nevada,16.5%,6.8%,24.4%,52.3%,"Nevada
(39.49323999972637, -117.07183999971608)"
657,2000,Alabama,19.3%,5.9%,24%,50.8%,"Alabama
(32.840569999605975, -86.63186000013877)"
658,1997,Ohio,23.2%,1.9%,22.7%,52.2%,"Ohio
(40.06020999969189, -82.40426000019869)"
659,1995,Arkansas,22.7%,2.3%,23.5%,51.5%,"Arkansas
(34.748649999697875, -92.27448999971358)"
660,2003,North Dakota,16.1%,4.4%,25.6%,53.9%,"North Dakota
(47.475320000018144, -100.11841999998285)"
661,1999,Oklahoma,22.4%,2.8%,18.7%,56.1%,"Oklahoma
(35.4720099999617, -97.52034999975251)"
662,2002,Delaware,19.5%,5.1%,26.3%,49%,"Delaware
(39.00883000020451, -75.57774000040052)"
663,2010,New Mexico,11.4%,7.1%,24.7%,56.9%,"New Mexico
(34.52088000011207, -106.24057999976702)"
664,2009,North Dakota,13.4%,5.2%,24%,57.4%,"North Dakota
(47.475320000018144, -100.11841999998285)"
665,2005,Wisconsin,15.9%,4.9%,26.1%,53.2%,"Wisconsin
(44.39319000021851, -89.81636999977553)"
666,2009,Alabama,16.5%,6%,22.8%,54.6%,"Alabama
(32.840569999605975, -86.63186000013877)"
667,2000,South Dakota,16.8%,5.1%,24.6%,53.5%,"South Dakota
(44.353130000049646, -100.37353000040906)"
668,2004,Maine,17%,3.9%,31.3%,47.8%,"Maine
(45.25423000041434, -68.9850299999344)"
669,1997,South Carolina,20.2%,3.2%,20%,56.6%,"South Carolina
(33.99855000018255, -81.0452500001872)"
670,2002,Utah,9.9%,2.8%,17.1%,70.1%,"Utah
(39.36070000030492, -111.58712999994941)"
671,2002,Oregon,17.3%,5.1%,28.1%,49.4%,"Oregon
(44.567449999917756, -120.15502999983448)"
672,2001,Mississippi,19.6%,5.7%,21.1%,53.6%,"Mississippi
(32.7455100000866, -89.53803000008429)"
673,2003,North Carolina,18.8%,6%,23.2%,52%,"North Carolina
(35.46624999963797, -79.1593199999179)"
674,2009,Indiana,17.1%,6%,23.7%,53.2%,"Indiana
(39.76690999989677, -86.14996000035359)"
675,1999,West Virginia,23.8%,3.3%,23.8%,49%,"West Virginia
(38.66550999958696, -80.71263999973604)"
676,2000,Idaho,16.9%,5.4%,24.6%,53.1%,"Idaho
(43.682590000228515, -114.36368000023168)"
677,1996,Wisconsin,19.7%,5.2%,25.9%,49.2%,"Wisconsin
(44.39319000021851, -89.81636999977553)"
678,1996,Texas,17%,5.9%,21.2%,55.9%,"Texas
(31.82724000022597, -99.42676999973554)"
679,2004,Oregon,14.3%,5.8%,24.7%,55.3%,"Oregon
(44.567449999917756, -120.15502999983448)"
680,2002,Iowa,18.8%,4.3%,23.4%,53.4%,"Iowa
(42.469390000048634, -93.81649000001335)"
681,2004,Mississippi,18.1%,6.5%,19.3%,56.2%,"Mississippi
(32.7455100000866, -89.53803000008429)"
682,1999,Oregon,16.1%,5.4%,28.1%,50.5%,"Oregon
(44.567449999917756, -120.15502999983448)"
683,2006,Maryland,13%,4.7%,22.6%,59.7%,"Maryland
(39.29057999976732, -76.6092600004485)"
684,1998,Maine,19.4%,2.9%,31.3%,46.4%,"Maine
(45.25423000041434, -68.9850299999344)"
685,1996,Colorado,16.7%,6.1%,24.2%,53.1%,"Colorado
(38.842890000173554, -106.13314000041055)"
686,1995,Wyoming,19.1%,2.9%,26.8%,51.2%,"Wyoming
(43.23553999957147, -108.10982999975454)"
687,2001,Michigan,19.7%,5.9%,25.7%,48.7%,"Michigan
(44.661320000317914, -84.71438999959867)"
688,1997,Montana,18%,2.5%,26.6%,52.9%,"Montana
(47.06653000015956, -109.42441999998289)"
689,1996,Idaho,16.8%,4.4%,22.8%,56%,"Idaho
(43.682590000228515, -114.36368000023168)"
690,1999,North Carolina,21%,4.2%,23.2%,51.6%,"North Carolina
(35.46624999963797, -79.1593199999179)"
691,1998,Colorado,17.1%,5.7%,24.3%,52.9%,"Colorado
(38.842890000173554, -106.13314000041055)"
692,2010,Rhode Island,10.9%,4.8%,28.4%,55.9%,"Rhode Island
(41.70828000002217, -71.5224700001902)"
693,2008,Virginia,12.4%,4.1%,24%,59.5%,"Virginia
(37.54268000028196, -78.45789000012326)"
694,1998,Tennessee,22.7%,3.3%,21.5%,52.4%,"Tennessee
(35.68094000038087, -85.77449000011325)"
695,2009,Wyoming,15.3%,4.6%,26.1%,54%,"Wyoming
(43.23553999957147, -108.10982999975454)"
696,1997,Iowa,18.7%,4.4%,24%,52.9%,"Iowa
(42.469390000048634, -93.81649000001335)"
697,1995,Hawaii,15.1%,2.5%,21.6%,60.9%,"Hawaii
(21.304850000427336, -157.85774999956269)"
698,2006,New Mexico,13.8%,6.4%,24.7%,55.1%,"New Mexico
(34.52088000011207, -106.24057999976702)"
699,2008,Nevada,16.4%,5.8%,25.1%,52.7%,"Nevada
(39.49323999972637, -117.07183999971608)"
700,1995,Idaho,18%,1.6%,24.1%,56.2%,"Idaho
(43.682590000228515, -114.36368000023168)"
701,2007,Arizona,13.6%,6.1%,24%,56.2%,"Arizona
(34.86596999961597, -111.76380999973156)"
702,2010,Alaska,13.5%,6.8%,26.1%,53.6%,"Alaska
(64.84507999974238, -147.72205999986895)"
703,2010,Missouri,16.6%,4.4%,26.1%,52.8%,"Missouri
(38.63578999960896, -92.5663000000448)"
704,1996,Massachusetts,18.4%,4.9%,30.4%,46.2%,"Massachusetts
(42.27687000005062, -72.08269000004333)"
705,1995,Vermont,18.9%,3.2%,31.5%,46.5%,"Vermont
(43.625379999687425, -72.51764000028561)"
706,2007,District of Columbia,11.1%,6.1%,22.4%,60.4%,"District of Columbia
(38.89036999987576, -77.03195999965413)"
707,1995,New Jersey,15.3%,3.7%,25.3%,55.7%,"New Jersey
(40.13056999960594, -74.2736899996936)"
708,2004,North Dakota,14.8%,5.1%,23.6%,56.5%,"North Dakota
(47.475320000018144, -100.11841999998285)"
709,2001,Arizona,15.5%,6%,25.4%,53%,"Arizona
(34.86596999961597, -111.76380999973156)"
710,1997,Michigan,21.2%,4.8%,25%,48.9%,"Michigan
(44.661320000317914, -84.71438999959867)"
711,1995,Illinois,19.9%,2.9%,23.7%,53.4%,"Illinois
(40.485010000411364, -88.99770999971656)"
712,2005,North Dakota,15%,5.2%,25.5%,54.4%,"North Dakota
(47.475320000018144, -100.11841999998285)"
713,2010,Washington,11%,4.2%,25.5%,59.3%,"Washington
(47.522280000022135, -120.47001000026114)"
714,2008,Michigan,15%,5.5%,25.5%,54.1%,"Michigan
(44.661320000317914, -84.71438999959867)"
715,1995,Texas,19.9%,3.6%,23.7%,52.8%,"Texas
(31.82724000022597, -99.42676999973554)"
716,2007,Ohio,17.7%,5.4%,24.8%,52.1%,"Ohio
(40.06020999969189, -82.40426000019869)"
717,2010,Georgia,12.8%,4.8%,23.1%,59.3%,"Georgia
(32.83967999993223, -83.62758000031658)"
718,2005,Oklahoma,19%,6%,24%,50.9%,"Oklahoma
(35.4720099999617, -97.52034999975251)"
719,2002,South Dakota,17.5%,5.1%,22.4%,55%,"South Dakota
(44.353130000049646, -100.37353000040906)"
720,1998,Ohio,21.6%,4.5%,23.6%,50.3%,"Ohio
(40.06020999969189, -82.40426000019869)"
721,2003,Nevada,20.3%,4.9%,25.2%,49.7%,"Nevada
(39.49323999972637, -117.07183999971608)"
722,2002,Mississippi,21.4%,5.9%,20%,52.7%,"Mississippi
(32.7455100000866, -89.53803000008429)"
723,1995,Michigan,21.5%,4.1%,28.3%,46.2%,"Michigan
(44.661320000317914, -84.71438999959867)"
724,2006,Washington,12.3%,4.7%,26.4%,56.6%,"Washington
(47.522280000022135, -120.47001000026114)"
725,2007,Oregon,13.1%,3.8%,28.2%,54.9%,"Oregon
(44.567449999917756, -120.15502999983448)"
726,2007,Texas,13%,6.4%,20.7%,60%,"Texas
(31.82724000022597, -99.42676999973554)"
727,2000,Oklahoma,19.8%,3.5%,19.3%,57.4%,"Oklahoma
(35.4720099999617, -97.52034999975251)"
728,2009,South Carolina,14.6%,5.7%,24.5%,55.2%,"South Carolina
(33.99855000018255, -81.0452500001872)"
729,1996,South Dakota,17.9%,2.8%,25.2%,54.1%,"South Dakota
(44.353130000049646, -100.37353000040906)"
730,2009,New Hampshire,11.3%,4.5%,29.4%,54.9%,"New Hampshire
(43.65595000019255, -71.50036000041354)"
731,2009,Wisconsin,12.6%,6.1%,26.9%,54.3%,"Wisconsin
(44.39319000021851, -89.81636999977553)"
732,2000,West Virginia,23.1%,3%,25.3%,48.5%,"West Virginia
(38.66550999958696, -80.71263999973604)"
733,2006,Kentucky,24.3%,4.3%,24.3%,47.2%,"Kentucky
(37.645969999815804, -84.77496999996538)"
734,2008,South Carolina,14.4%,5.6%,25.2%,54.7%,"South Carolina
(33.99855000018255, -81.0452500001872)"
735,2006,California,9.4%,5.5%,24.2%,60.8%,"California
(37.638300000444815, -120.99958999997835)"
736,2003,Maine,19.7%,3.9%,31.1%,45.2%,"Maine
(45.25423000041434, -68.9850299999344)"
737,1997,Kentucky,27.6%,3.1%,23.5%,45.8%,"Kentucky
(37.645969999815804, -84.77496999996538)"
738,2008,Washington,11.7%,4%,26.7%,57.6%,"Washington
(47.522280000022135, -120.47001000026114)"
739,1995,Tennessee,24.2%,1.9%,19.8%,54.1%,"Tennessee
(35.68094000038087, -85.77449000011325)"
740,1997,Utah,11.1%,2.6%,17.2%,69%,"Utah
(39.36070000030492, -111.58712999994941)"
741,2003,Kansas,16.3%,4.1%,23%,56.6%,"Kansas
(38.34774000000118, -98.20077999969709)"
742,1998,Kansas,17.4%,3.7%,21.8%,57.1%,"Kansas
(38.34774000000118, -98.20077999969709)"
743,1997,Delaware,22.3%,4.3%,26.5%,46.9%,"Delaware
(39.00883000020451, -75.57774000040052)"
744,2006,New Jersey,12.3%,5.7%,24.1%,57.9%,"New Jersey
(40.13056999960594, -74.2736899996936)"
745,2001,Virginia,17.9%,4.7%,24.7%,52.8%,"Virginia
(37.54268000028196, -78.45789000012326)"
746,1997,North Dakota,19.7%,2.6%,24.4%,53.3%,"North Dakota
(47.475320000018144, -100.11841999998285)"
747,1998,Idaho,15.8%,4.5%,25.2%,54.6%,"Idaho
(43.682590000228515, -114.36368000023168)"
748,2005,Kentucky,23.5%,5.2%,24%,47.3%,"Kentucky
(37.645969999815804, -84.77496999996538)"
749,1996,South Carolina,21.4%,3%,20.2%,55.3%,"South Carolina
(33.99855000018255, -81.0452500001872)"
750,2005,Virginia,15.3%,5.3%,24.1%,55.2%,"Virginia
(37.54268000028196, -78.45789000012326)"
751,2009,Nevada,15.8%,6.3%,26.5%,51.4%,"Nevada
(39.49323999972637, -117.07183999971608)"
752,1998,South Dakota,22%,5.2%,20.4%,52.4%,"South Dakota
(44.353130000049646, -100.37353000040906)"
753,2002,New York,16.9%,5.4%,25%,52.7%,"New York
(42.82699999955048, -75.54396999981549)"
754,2002,Rhode Island,17.5%,4.9%,29.6%,48%,"Rhode Island
(41.70828000002217, -71.5224700001902)"
755,1996,District of Columbia,14.9%,5.6%,17.8%,61.7%,"District of Columbia
(38.89036999987576, -77.03195999965413)"
756,2001,South Carolina,19.3%,6.7%,21.3%,52.6%,"South Carolina
(33.99855000018255, -81.0452500001872)"
757,2007,Florida,14.3%,5%,26.2%,54.5%,"Florida
(28.932039999846268, -81.9289599999039)"
758,2000,Nebraska,16.5%,4.8%,24.3%,54.5%,"Nebraska
(41.6410400000961, -99.36572999973953)"
759,2001,Georgia,17.5%,6.1%,21.2%,55.1%,"Georgia
(32.83967999993223, -83.62758000031658)"
760,1998,"Nationwide (States, DC, and Territories)",18.5%,4.6%,24.3%,52.2%,
761,1996,Rhode Island,17.8%,4.7%,27.1%,50.4%,"Rhode Island
(41.70828000002217, -71.5224700001902)"
762,2005,Arkansas,18.1%,5.4%,24.9%,51.6%,"Arkansas
(34.748649999697875, -92.27448999971358)"
763,1995,North Carolina,23%,2.7%,22.6%,51.6%,"North Carolina
(35.46624999963797, -79.1593199999179)"
764,2007,Mississippi,18.5%,5.4%,21.2%,54.8%,"Mississippi
(32.7455100000866, -89.53803000008429)"
765,1999,Delaware,20.7%,4.8%,23.9%,50.6%,"Delaware
(39.00883000020451, -75.57774000040052)"
766,2004,Louisiana,16.9%,6.6%,20%,56.5%,"Louisiana
(31.31265999975932, -92.44567999993188)"
767,2003,New York,16.5%,5.1%,25.4%,53%,"New York
(42.82699999955048, -75.54396999981549)"
768,1995,California,12.7%,2.5%,28.2%,56.7%,"California
(37.638300000444815, -120.99958999997835)"
769,2005,Idaho,13.3%,4.6%,22.7%,59.3%,"Idaho
(43.682590000228515, -114.36368000023168)"
770,2002,Kentucky,29.1%,3.5%,22%,45.5%,"Kentucky
(37.645969999815804, -84.77496999996538)"
771,2010,Nebraska,12.5%,4.7%,25.2%,57.6%,"Nebraska
(41.6410400000961, -99.36572999973953)"
772,2009,Montana,12.2%,4.6%,26.4%,56.8%,"Montana
(47.06653000015956, -109.42441999998289)"
773,2009,Oregon,13.1%,4.7%,27.6%,54.5%,"Oregon
(44.567449999917756, -120.15502999983448)"
774,2002,Louisiana,19%,4.9%,19.2%,57%,"Louisiana
(31.31265999975932, -92.44567999993188)"
775,2008,New Jersey,10.7%,4.1%,24.3%,60.9%,"New Jersey
(40.13056999960594, -74.2736899996936)"
776,1997,West Virginia,24.5%,2.9%,24.3%,48.2%,"West Virginia
(38.66550999958696, -80.71263999973604)"
777,2001,Texas,15.5%,6.9%,20.7%,56.9%,"Texas
(31.82724000022597, -99.42676999973554)"
778,2007,Vermont,13.8%,3.8%,30.7%,51.7%,"Vermont
(43.625379999687425, -72.51764000028561)"
779,1999,New Hampshire,18%,4.3%,29%,48.7%,"New Hampshire
(43.65595000019255, -71.50036000041354)"
780,1998,Kentucky,28%,2.8%,22.9%,46.3%,"Kentucky
(37.645969999815804, -84.77496999996538)"
781,2006,Florida,16%,5.1%,26.1%,52.9%,"Florida
(28.932039999846268, -81.9289599999039)"
782,2000,Colorado,15%,5%,26.2%,53.8%,"Colorado
(38.842890000173554, -106.13314000041055)"
783,2007,Wisconsin,14.6%,5%,25.9%,54.5%,"Wisconsin
(44.39319000021851, -89.81636999977553)"
784,2008,New Mexico,12.8%,6.6%,24.9%,55.7%,"New Mexico
(34.52088000011207, -106.24057999976702)"
785,1998,Louisiana,20.5%,5%,19.8%,54.7%,"Louisiana
(31.31265999975932, -92.44567999993188)"
786,2002,Texas,16.6%,6.2%,20.9%,56.2%,"Texas
(31.82724000022597, -99.42676999973554)"
787,2004,South Dakota,14.1%,6.3%,23.6%,56%,"South Dakota
(44.353130000049646, -100.37353000040906)"
788,1998,Iowa,18.3%,5.1%,23.7%,53%,"Iowa
(42.469390000048634, -93.81649000001335)"
789,2003,Alaska,19.3%,7%,26.1%,47.7%,"Alaska
(64.84507999974238, -147.72205999986895)"
790,2002,New Hampshire,18.6%,4.6%,30.2%,46.6%,"New Hampshire
(43.65595000019255, -71.50036000041354)"
791,2002,District of Columbia,13.4%,7%,20.4%,59.2%,"District of Columbia
(38.89036999987576, -77.03195999965413)"
792,2010,North Dakota,12.2%,5.1%,24.1%,58.6%,"North Dakota
(47.475320000018144, -100.11841999998285)"
793,2005,Maryland,13.4%,5.5%,22.9%,58.3%,"Maryland
(39.29057999976732, -76.6092600004485)"
794,2000,Vermont,16.5%,4.9%,30%,48.5%,"Vermont
(43.625379999687425, -72.51764000028561)"
795,2005,Florida,15.2%,6.5%,26.7%,51.6%,"Florida
(28.932039999846268, -81.9289599999039)"
796,2002,Wisconsin,18.5%,4.9%,27.3%,49.4%,"Wisconsin
(44.39319000021851, -89.81636999977553)"
797,2001,New Hampshire,19%,5.1%,28.8%,47.1%,"New Hampshire
(43.65595000019255, -71.50036000041354)"
798,2001,Pennsylvania,18.9%,5.6%,24.2%,51.3%,"Pennsylvania
(40.79372999993973, -77.86069999960512)"
799,2010,District of Columbia,10%,5.7%,23.4%,61%,"District of Columbia
(38.89036999987576, -77.03195999965413)"
800,2000,Maryland,15.2%,5.3%,23.5%,56%,"Maryland
(39.29057999976732, -76.6092600004485)"
801,2007,Wyoming,17.5%,4.6%,24.8%,53.1%,"Wyoming
(43.23553999957147, -108.10982999975454)"
802,1996,Kansas,18.6%,3.5%,19.5%,58.4%,"Kansas
(38.34774000000118, -98.20077999969709)"
803,1999,Maine,19.8%,3.5%,29.5%,47.2%,"Maine
(45.25423000041434, -68.9850299999344)"
804,1997,Kansas,18.3%,4.3%,19.4%,58%,"Kansas
(38.34774000000118, -98.20077999969709)"
805,2010,South Dakota,11.3%,4.1%,27%,57.6%,"South Dakota
(44.353130000049646, -100.37353000040906)"
806,1996,New Hampshire,20.6%,4.2%,29.1%,46.1%,"New Hampshire
(43.65595000019255, -71.50036000041354)"
807,2000,Montana,15.9%,2.9%,29.8%,51.4%,"Montana
(47.06653000015956, -109.42441999998289)"
808,2004,Idaho,13.4%,4.1%,23.4%,59.2%,"Idaho
(43.682590000228515, -114.36368000023168)"
809,1996,Indiana,24.9%,3.7%,23.7%,47.6%,"Indiana
(39.76690999989677, -86.14996000035359)"
810,2006,Alabama,17.6%,5.5%,23.4%,53.5%,"Alabama
(32.840569999605975, -86.63186000013877)"
811,2006,Idaho,12.9%,3.9%,23%,60.2%,"Idaho
(43.682590000228515, -114.36368000023168)"
812,1999,New Jersey,14.6%,6%,21.3%,58.1%,"New Jersey
(40.13056999960594, -74.2736899996936)"
813,2010,Mississippi,17.1%,5.8%,22%,55%,"Mississippi
(32.7455100000866, -89.53803000008429)"
814,2001,Ohio,21.9%,5.8%,23.4%,49%,"Ohio
(40.06020999969189, -82.40426000019869)"
815,2007,Connecticut,11.3%,4.1%,30.5%,54.1%,"Connecticut
(41.56265999995918, -72.6498400002157)"
816,2001,Nevada,20.8%,6.1%,26.2%,46.9%,"Nevada
(39.49323999972637, -117.07183999971608)"
817,2000,New Mexico,16.9%,6.6%,25.8%,50.6%,"New Mexico
(34.52088000011207, -106.24057999976702)"
818,2010,Montana,13.5%,5.3%,27.2%,54%,"Montana
(47.06653000015956, -109.42441999998289)"
819,1999,Mississippi,18.5%,4.4%,20.3%,56.8%,"Mississippi
(32.7455100000866, -89.53803000008429)"
820,2006,Maine,15.9%,5%,30.4%,48.7%,"Maine
(45.25423000041434, -68.9850299999344)"
821,2005,Utah,8.5%,3%,16%,72.5%,"Utah
(39.36070000030492, -111.58712999994941)"
822,2006,Georgia,14.1%,5.8%,21.2%,58.8%,"Georgia
(32.83967999993223, -83.62758000031658)"
823,2010,Kentucky,19.3%,5.5%,26%,49.2%,"Kentucky
(37.645969999815804, -84.77496999996538)"
824,1997,Minnesota,16.7%,5.2%,22.4%,55.7%,"Minnesota
(46.3556499998478, -94.79419999982997)"
825,1999,Alaska,19.2%,8.1%,25.7%,47%,"Alaska
(64.84507999974238, -147.72205999986895)"
826,2010,Maryland,10.5%,4.7%,23.9%,60.9%,"Maryland
(39.29057999976732, -76.6092600004485)"
827,2007,Minnesota,12.4%,4.1%,27.6%,55.9%,"Minnesota
(46.3556499998478, -94.79419999982997)"
828,1998,Alaska,19.8%,6.3%,25.4%,48.4%,"Alaska
(64.84507999974238, -147.72205999986895)"
829,1996,Hawaii,18.3%,4%,24.1%,53.7%,"Hawaii
(21.304850000427336, -157.85774999956269)"
830,2002,Oklahoma,21.8%,4.8%,21.8%,51.6%,"Oklahoma
(35.4720099999617, -97.52034999975251)"
831,2005,Wyoming,16.3%,5.1%,26.7%,51.9%,"Wyoming
(43.23553999957147, -108.10982999975454)"
832,2002,Pennsylvania,19.5%,5.1%,25.7%,49.7%,"Pennsylvania
(40.79372999993973, -77.86069999960512)"
833,1997,Arizona,18.4%,2.7%,13.6%,65.3%,"Arizona
(34.86596999961597, -111.76380999973156)"
834,2009,West Virginia,20.7%,4.9%,24.5%,49.9%,"West Virginia
(38.66550999958696, -80.71263999973604)"
835,2008,West Virginia,21.5%,5.1%,25.4%,48.1%,"West Virginia
(38.66550999958696, -80.71263999973604)"
836,2003,Michigan,20.7%,5.4%,25.8%,48.1%,"Michigan
(44.661320000317914, -84.71438999959867)"
837,2009,Connecticut,10.7%,4.7%,28.2%,56.3%,"Connecticut
(41.56265999995918, -72.6498400002157)"
838,1998,District of Columbia,15.1%,6.6%,17%,61.3%,"District of Columbia
(38.89036999987576, -77.03195999965413)"
839,2007,California,8.8%,5.5%,22.9%,62.8%,"California
(37.638300000444815, -120.99958999997835)"
840,2006,Vermont,14%,4%,30.9%,51.1%,"Vermont
(43.625379999687425, -72.51764000028561)"
841,2010,"Nationwide (States, DC, and Territories)",12.3%,4.8%,24.7%,56.8%,
842,2010,Nationwide (States and DC),12.4%,4.8%,25.1%,56.6%,
843,2009,"Nationwide (States, DC, and Territories)",12.7%,5%,25.5%,55.5%,
844,2009,Nationwide (States and DC),12.8%,5%,25.5%,55.3%,
845,2008,"Nationwide (States, DC, and Territories)",13.4%,4.9%,25.1%,55.5%,
846,2008,Nationwide (States and DC),13.4%,4.9%,25.2%,55.4%,
847,2007,"Nationwide (States, DC, and Territories)",14.5%,5.2%,24.4%,54.9%,
848,2007,Nationwide (States and DC),14.5%,5.2%,24.6%,54.8%,
849,2006,"Nationwide (States, DC, and Territories)",14.7%,5.1%,24.5%,54.5%,
850,2006,Nationwide (States and DC),14.9%,5.1%,24.7%,54.3%,
851,2005,"Nationwide (States, DC, and Territories)",15.3%,5.2%,24.4%,54.1%,
852,2005,Nationwide (States and DC),15.3%,5.3%,24.8%,54%,
853,2004,"Nationwide (States, DC, and Territories)",15.6%,5.4%,24%,55%,
854,2004,Nationwide (States and DC),15.8%,5.4%,24.1%,54.6%,
855,2003,"Nationwide (States, DC, and Territories)",16.7%,5.1%,25.2%,52.1%,
856,2003,Nationwide (States and DC),16.9%,5.1%,25.2%,52%,
857,2002,"Nationwide (States, DC, and Territories)",17.8%,5%,24.4%,52.3%,
858,2002,Nationwide (States and DC),17.8%,5%,24.7%,52%,
859,2001,"Nationwide (States, DC, and Territories)",17.4%,5.6%,24.7%,51.8%,
860,2001,Nationwide (States and DC),17.4%,5.7%,24.7%,51.3%,
861,2000,"Nationwide (States, DC, and Territories)",17.6%,5.1%,24.3%,52.6%,
862,2000,Nationwide (States and DC),17.7%,5.1%,24.3%,52.3%,
863,1999,"Nationwide (States, DC, and Territories)",18%,4.8%,24%,52.5%,
864,1999,Nationwide (States and DC),18%,4.8%,24%,52.4%,
865,1998,Nationwide (States and DC),18.5%,4.5%,24.3%,52%,
866,1997,"Nationwide (States, DC, and Territories)",19.1%,4.3%,24.3%,52.1%,
867,1997,Nationwide (States and DC),19.1%,4.3%,24.3%,51.9%,
868,1996,"Nationwide (States, DC, and Territories)",19.5%,4%,23.8%,52.2%,
869,1996,Nationwide (States and DC),19.6%,4%,24%,52%,
870,1995,"Nationwide (States, DC, and Territories)",19.9%,2.6%,25.3%,51.6%,
871,1995,Nationwide (States and DC),19.9%,2.6%,25.3%,51.6%,
872,2010,Guam,19.7%,6.1%,16.6%,57.6%,"(13.45, 144.7833)"
873,2009,Guam,18.9%,5.2%,11.1%,64.8%,"(13.45, 144.7833)"
874,2010,Virgin Islands,3.6%,2.2%,10.5%,83.7%,"(18.3333, -64.8333)"
875,2009,Virgin Islands,3.9%,2.6%,11.1%,82.5%,"(18.3333, -64.8333)"
